complaint_id,victim_city,amount,amount_band,victim_bank,fraud_type,transaction_count,mule_bank,complaint_hour,complaint_delay_hours,day_of_week,withdrawal_cluster_id
CMP00001,Pune,152748.63,2,Axis Bank,LOAN_FRAUD,4,Bank of Baroda,9,59,0,12
CMP00002,Jaipur,96887.37,2,Kotak Mahindra,IMPERSONATION,6,PNB,22,41,5,11
CMP00003,Kolkata,19669.51,1,Axis Bank,IMPERSONATION,9,Indian Bank,3,35,3,14
CMP00004,Ahmedabad,921848.66,4,Yes Bank,LOAN_FRAUD,4,Bank of Baroda,10,41,1,15
CMP00005,Jaipur,25729.69,1,Axis Bank,JOB_FRAUD,1,Bank of Baroda,14,31,1,18
CMP00006,Jaipur,43886.89,1,Yes Bank,LOAN_FRAUD,5,Bank of Baroda,13,18,2,12
CMP00007,Delhi,24500.95,1,Kotak Mahindra,TECH_SUPPORT_SCAM,10,SBI,9,10,3,14
CMP00008,Kolkata,100862.79,2,HDFC Bank,KYC_UPDATE,6,Bank of Baroda,11,19,1,15
CMP00009,Delhi,15957.63,1,ICICI Bank,OTP_SCAM,8,Canara Bank,16,18,2,10
CMP00010,Ahmedabad,43131.58,1,Yes Bank,LOTTERY_FRAUD,10,Canara Bank,17,63,5,12
CMP00011,Bengaluru,45950.68,1,HDFC Bank,TECH_SUPPORT_SCAM,10,Bank of Baroda,22,4,4,14
CMP00012,Patna,142960.37,2,Kotak Mahindra,OTP_SCAM,9,PNB,12,19,6,12
CMP00013,Delhi,37620.01,1,Kotak Mahindra,INVESTMENT_SCAM,7,Canara Bank,13,65,6,15
CMP00014,Lucknow,582696.79,4,ICICI Bank,LOTTERY_FRAUD,6,Indian Bank,12,41,1,13
CMP00015,Pune,19860.77,1,Axis Bank,TECH_SUPPORT_SCAM,8,Indian Bank,17,39,1,9
CMP00016,Surat,32419.5,1,ICICI Bank,LOAN_FRAUD,6,Bank of Baroda,23,36,2,17
CMP00017,Ahmedabad,48212.55,1,Axis Bank,IMPERSONATION,5,PNB,2,45,3,15
CMP00018,Chennai,70590.94,2,Yes Bank,INVESTMENT_SCAM,9,Canara Bank,19,31,1,17
CMP00019,Delhi,65081.74,2,HDFC Bank,INVESTMENT_SCAM,6,Bank of Baroda,4,1,4,5
CMP00020,Pune,48556.56,1,Kotak Mahindra,IMPERSONATION,11,Bank of Baroda,10,37,5,14
CMP00021,Kolkata,517595.66,4,Kotak Mahindra,OTP_SCAM,1,PNB,15,24,5,9
CMP00022,Delhi,49319.76,1,Axis Bank,OTP_SCAM,10,Indian Bank,9,59,5,13
CMP00023,Hyderabad,28356.58,1,ICICI Bank,JOB_FRAUD,6,SBI,8,24,0,9
CMP00024,Kolkata,13469.51,1,Yes Bank,INVESTMENT_SCAM,7,Bank of Baroda,21,13,1,15
CMP00025,Chennai,40150.27,1,HDFC Bank,TECH_SUPPORT_SCAM,7,Canara Bank,10,39,4,0
CMP00026,Pune,119809.25,2,Axis Bank,LOAN_FRAUD,1,PNB,5,52,5,9
CMP00027,Pune,48294.42,1,Axis Bank,KYC_UPDATE,10,Canara Bank,15,20,3,11
CMP00028,Surat,173840.53,2,Yes Bank,IMPERSONATION,9,Bank of Baroda,7,11,4,11
CMP00029,Patna,361725.42,3,HDFC Bank,KYC_UPDATE,9,SBI,17,20,1,17
CMP00030,Pune,30415.01,1,ICICI Bank,KYC_UPDATE,8,Indian Bank,1,59,1,15
CMP00031,Pune,10120.62,1,Axis Bank,JOB_FRAUD,7,SBI,6,10,0,13
CMP00032,Mumbai,40758.88,1,Kotak Mahindra,OTP_SCAM,5,SBI,20,54,2,12
CMP00033,Ahmedabad,899642.98,4,Kotak Mahindra,JOB_FRAUD,11,SBI,4,45,0,13
CMP00034,Surat,570403.12,4,ICICI Bank,LOTTERY_FRAUD,1,SBI,23,70,3,7
CMP00035,Bengaluru,780019.16,4,ICICI Bank,JOB_FRAUD,4,Canara Bank,3,5,6,13
CMP00036,Chennai,33911.4,1,HDFC Bank,INVESTMENT_SCAM,10,SBI,22,7,1,12
CMP00037,Chennai,49739.34,1,Yes Bank,JOB_FRAUD,1,PNB,7,41,4,13
CMP00038,Hyderabad,21006.16,1,ICICI Bank,INVESTMENT_SCAM,4,Indian Bank,17,23,5,17
CMP00039,Bengaluru,111238.88,2,Kotak Mahindra,OTP_SCAM,6,Indian Bank,9,49,1,15
CMP00040,Chennai,649908.76,4,Axis Bank,INVESTMENT_SCAM,8,PNB,13,72,4,18
CMP00041,Bengaluru,38983.39,1,HDFC Bank,INVESTMENT_SCAM,6,Bank of Baroda,6,7,2,17
CMP00042,Chennai,44778.95,1,Yes Bank,KYC_UPDATE,4,Indian Bank,10,39,0,14
CMP00043,Chennai,641663.43,4,Yes Bank,JOB_FRAUD,7,PNB,9,49,3,16
CMP00044,Bengaluru,49252.74,1,Yes Bank,LOAN_FRAUD,8,Bank of Baroda,15,41,1,13
CMP00045,Surat,33361.28,1,ICICI Bank,INVESTMENT_SCAM,5,SBI,23,54,2,15
CMP00046,Patna,152726.99,2,ICICI Bank,IMPERSONATION,9,Bank of Baroda,8,63,5,15
CMP00047,Surat,123247.45,2,Axis Bank,LOTTERY_FRAUD,3,PNB,17,8,4,1
CMP00048,Ahmedabad,51371.22,2,ICICI Bank,OTP_SCAM,2,PNB,16,59,2,16
CMP00049,Delhi,10669.05,1,HDFC Bank,JOB_FRAUD,9,Indian Bank,23,36,4,0
CMP00050,Kolkata,17677.28,1,HDFC Bank,IMPERSONATION,9,SBI,16,33,6,15
CMP00051,Ahmedabad,380685.8,3,Kotak Mahindra,TECH_SUPPORT_SCAM,4,Indian Bank,21,11,5,1
CMP00052,Ahmedabad,35469.92,1,Kotak Mahindra,KYC_UPDATE,9,Bank of Baroda,22,22,0,15
CMP00053,Lucknow,753830.17,4,HDFC Bank,KYC_UPDATE,4,PNB,18,61,2,14
CMP00054,Kolkata,40090.18,1,Axis Bank,OTP_SCAM,4,SBI,22,51,0,16
CMP00055,Pune,70992.59,2,Yes Bank,IMPERSONATION,7,Canara Bank,22,11,4,11
CMP00056,Mumbai,40760.23,1,Kotak Mahindra,OTP_SCAM,2,PNB,19,51,6,16
CMP00057,Jaipur,545478.36,4,ICICI Bank,JOB_FRAUD,9,Canara Bank,21,49,0,9
CMP00058,Surat,38467.09,1,HDFC Bank,INVESTMENT_SCAM,5,SBI,20,20,5,15
CMP00059,Delhi,65334.71,2,Axis Bank,KYC_UPDATE,6,Bank of Baroda,2,24,3,17
CMP00060,Delhi,33921.75,1,HDFC Bank,KYC_UPDATE,9,Canara Bank,10,50,0,15
CMP00061,Patna,15553.6,1,Yes Bank,INVESTMENT_SCAM,11,PNB,9,35,3,18
CMP00062,Ahmedabad,47768.89,1,Axis Bank,LOAN_FRAUD,2,Bank of Baroda,23,64,4,13
CMP00063,Hyderabad,106983.49,2,HDFC Bank,LOTTERY_FRAUD,6,Bank of Baroda,10,57,2,13
CMP00064,Bengaluru,48582.98,1,Yes Bank,LOAN_FRAUD,8,PNB,10,38,5,13
CMP00065,Ahmedabad,32554.02,1,Axis Bank,TECH_SUPPORT_SCAM,6,Bank of Baroda,18,70,1,14
CMP00066,Surat,60373.8,2,ICICI Bank,JOB_FRAUD,5,Bank of Baroda,13,64,1,18
CMP00067,Surat,33917.35,1,Kotak Mahindra,LOTTERY_FRAUD,2,Bank of Baroda,18,52,4,13
CMP00068,Bengaluru,287495.54,3,Yes Bank,OTP_SCAM,11,Indian Bank,7,46,1,12
CMP00069,Ahmedabad,30427.05,1,HDFC Bank,TECH_SUPPORT_SCAM,2,SBI,16,72,4,15
CMP00070,Ahmedabad,23798.7,1,Kotak Mahindra,TECH_SUPPORT_SCAM,12,Indian Bank,0,62,0,15
CMP00071,Bengaluru,128167.22,2,Axis Bank,LOTTERY_FRAUD,8,Canara Bank,11,61,0,13
CMP00072,Mumbai,43967.2,1,Axis Bank,TECH_SUPPORT_SCAM,12,SBI,20,14,5,7
CMP00073,Lucknow,28482.17,1,ICICI Bank,LOTTERY_FRAUD,9,Canara Bank,12,24,1,12
CMP00074,Surat,25553.43,1,Yes Bank,OTP_SCAM,8,PNB,22,28,1,16
CMP00075,Lucknow,14558.2,1,ICICI Bank,KYC_UPDATE,6,Canara Bank,21,63,4,10
CMP00076,Patna,43820.71,1,Kotak Mahindra,IMPERSONATION,2,Indian Bank,19,23,6,15
CMP00077,Bengaluru,24932.24,1,HDFC Bank,LOTTERY_FRAUD,5,PNB,4,66,3,18
CMP00078,Ahmedabad,46766.44,1,ICICI Bank,IMPERSONATION,11,Bank of Baroda,5,72,1,14
CMP00079,Jaipur,587687.14,4,Yes Bank,TECH_SUPPORT_SCAM,6,SBI,6,50,4,18
CMP00080,Ahmedabad,11234.43,1,Kotak Mahindra,JOB_FRAUD,3,Bank of Baroda,7,38,0,13
CMP00081,Jaipur,32908.56,1,Yes Bank,LOTTERY_FRAUD,9,Bank of Baroda,8,70,6,17
CMP00082,Surat,281933.15,3,Kotak Mahindra,OTP_SCAM,4,Indian Bank,20,32,2,1
CMP00083,Hyderabad,67607.9,2,Axis Bank,JOB_FRAUD,8,SBI,7,27,6,11
CMP00084,Kolkata,170816.07,2,Yes Bank,IMPERSONATION,4,PNB,18,45,4,5
CMP00085,Surat,44320.67,1,Axis Bank,TECH_SUPPORT_SCAM,10,Canara Bank,21,13,1,13
CMP00086,Hyderabad,22883.87,1,ICICI Bank,OTP_SCAM,4,PNB,7,51,3,16
CMP00087,Ahmedabad,165332.64,2,Kotak Mahindra,IMPERSONATION,11,SBI,12,66,5,15
CMP00088,Bengaluru,48886.01,1,Yes Bank,JOB_FRAUD,12,SBI,20,46,6,13
CMP00089,Ahmedabad,21343.72,1,ICICI Bank,INVESTMENT_SCAM,5,Bank of Baroda,17,17,4,10
CMP00090,Delhi,44306.06,1,HDFC Bank,OTP_SCAM,1,Bank of Baroda,14,59,0,13
CMP00091,Surat,181489.26,2,ICICI Bank,INVESTMENT_SCAM,3,Canara Bank,2,47,2,17
CMP00092,Ahmedabad,155554.71,2,Axis Bank,OTP_SCAM,7,PNB,0,28,3,16
CMP00093,Delhi,537851.15,4,HDFC Bank,JOB_FRAUD,2,Canara Bank,4,62,0,18
CMP00094,Bengaluru,42534.72,1,Axis Bank,KYC_UPDATE,3,Canara Bank,4,19,0,14
CMP00095,Bengaluru,116357.58,2,ICICI Bank,JOB_FRAUD,7,PNB,6,12,0,18
CMP00096,Ahmedabad,13369.95,1,Axis Bank,TECH_SUPPORT_SCAM,4,PNB,17,37,6,0
CMP00097,Chennai,25670.04,1,Yes Bank,LOAN_FRAUD,9,Indian Bank,20,7,6,7
CMP00098,Ahmedabad,60651.8,2,HDFC Bank,JOB_FRAUD,8,PNB,0,47,2,13
CMP00099,Lucknow,12701.3,1,ICICI Bank,TECH_SUPPORT_SCAM,2,Bank of Baroda,8,28,0,12
CMP00100,Pune,62364.17,2,Yes Bank,LOAN_FRAUD,7,Bank of Baroda,17,69,4,12
CMP00101,Lucknow,33457.49,1,ICICI Bank,KYC_UPDATE,9,PNB,20,9,2,17
CMP00102,Chennai,34353.3,1,HDFC Bank,OTP_SCAM,2,Bank of Baroda,9,23,0,12
CMP00103,Jaipur,158114.83,2,Axis Bank,LOTTERY_FRAUD,9,Indian Bank,5,48,1,8
CMP00104,Delhi,20517.99,1,Axis Bank,KYC_UPDATE,5,Bank of Baroda,18,10,3,15
CMP00105,Patna,14116.2,1,ICICI Bank,JOB_FRAUD,3,Canara Bank,18,15,1,0
CMP00106,Delhi,46809.06,1,ICICI Bank,OTP_SCAM,8,SBI,5,5,4,13
CMP00107,Bengaluru,43039.88,1,ICICI Bank,INVESTMENT_SCAM,12,Bank of Baroda,18,48,0,18
CMP00108,Lucknow,179904.83,2,HDFC Bank,INVESTMENT_SCAM,2,Bank of Baroda,9,42,0,18
CMP00109,Hyderabad,119589.0,2,Yes Bank,INVESTMENT_SCAM,12,Canara Bank,18,64,6,17
CMP00110,Kolkata,23856.95,1,HDFC Bank,INVESTMENT_SCAM,1,Bank of Baroda,22,2,2,17
CMP00111,Mumbai,48447.4,1,ICICI Bank,LOAN_FRAUD,4,Indian Bank,4,36,0,12
CMP00112,Jaipur,35488.63,1,HDFC Bank,TECH_SUPPORT_SCAM,2,Indian Bank,12,10,4,18
CMP00113,Hyderabad,160302.93,2,Axis Bank,INVESTMENT_SCAM,7,Canara Bank,10,58,2,18
CMP00114,Kolkata,26260.5,1,HDFC Bank,KYC_UPDATE,8,PNB,17,46,6,15
CMP00115,Mumbai,38188.19,1,HDFC Bank,LOAN_FRAUD,11,PNB,19,6,1,10
CMP00116,Mumbai,37087.34,1,ICICI Bank,LOTTERY_FRAUD,7,Canara Bank,8,23,0,14
CMP00117,Mumbai,12466.77,1,Kotak Mahindra,INVESTMENT_SCAM,3,SBI,7,17,1,11
CMP00118,Patna,12578.88,1,Yes Bank,KYC_UPDATE,2,Canara Bank,20,57,6,15
CMP00119,Jaipur,38977.23,1,HDFC Bank,OTP_SCAM,10,PNB,15,4,3,12
CMP00120,Kolkata,55197.42,2,Axis Bank,INVESTMENT_SCAM,8,Canara Bank,19,32,5,15
CMP00121,Mumbai,35706.1,1,Axis Bank,OTP_SCAM,3,Bank of Baroda,16,32,5,17
CMP00122,Ahmedabad,101605.12,2,Axis Bank,OTP_SCAM,9,Bank of Baroda,18,65,2,12
CMP00123,Patna,49661.25,1,ICICI Bank,TECH_SUPPORT_SCAM,5,SBI,16,46,6,15
CMP00124,Chennai,187588.92,2,ICICI Bank,KYC_UPDATE,9,Canara Bank,1,29,4,12
CMP00125,Kolkata,39524.2,1,ICICI Bank,TECH_SUPPORT_SCAM,10,PNB,11,4,5,18
CMP00126,Patna,29617.46,1,ICICI Bank,LOTTERY_FRAUD,9,Bank of Baroda,2,8,1,16
CMP00127,Delhi,101113.86,2,Axis Bank,JOB_FRAUD,4,Indian Bank,5,42,0,13
CMP00128,Lucknow,149320.93,2,Axis Bank,KYC_UPDATE,6,SBI,18,13,2,14
CMP00129,Pune,134296.6,2,Kotak Mahindra,IMPERSONATION,3,Canara Bank,19,46,1,14
CMP00130,Surat,192318.22,2,Axis Bank,LOAN_FRAUD,3,PNB,18,51,6,18
CMP00131,Kolkata,32622.01,1,Yes Bank,OTP_SCAM,10,Canara Bank,15,19,2,7
CMP00132,Bengaluru,159392.89,2,ICICI Bank,TECH_SUPPORT_SCAM,12,SBI,10,58,0,15
CMP00133,Hyderabad,39303.38,1,HDFC Bank,TECH_SUPPORT_SCAM,1,SBI,5,53,3,11
CMP00134,Mumbai,83837.41,2,Kotak Mahindra,IMPERSONATION,11,Indian Bank,14,10,6,9
CMP00135,Bengaluru,45517.25,1,Axis Bank,OTP_SCAM,2,SBI,5,10,4,2
CMP00136,Patna,47697.69,1,Yes Bank,TECH_SUPPORT_SCAM,12,Bank of Baroda,5,56,1,18
CMP00137,Ahmedabad,94610.1,2,Yes Bank,INVESTMENT_SCAM,5,Indian Bank,3,7,3,15
CMP00138,Bengaluru,36480.81,1,HDFC Bank,OTP_SCAM,2,Bank of Baroda,19,62,1,12
CMP00139,Mumbai,120641.67,2,Kotak Mahindra,LOAN_FRAUD,5,SBI,21,34,0,13
CMP00140,Ahmedabad,27589.62,1,Axis Bank,TECH_SUPPORT_SCAM,8,PNB,8,29,6,15
CMP00141,Mumbai,671781.15,4,Axis Bank,KYC_UPDATE,7,Indian Bank,17,8,6,17
CMP00142,Patna,46111.09,1,ICICI Bank,JOB_FRAUD,5,Bank of Baroda,22,5,4,13
CMP00143,Jaipur,68927.9,2,ICICI Bank,KYC_UPDATE,4,PNB,13,11,5,17
CMP00144,Bengaluru,32082.17,1,HDFC Bank,LOAN_FRAUD,7,SBI,8,67,3,0
CMP00145,Mumbai,33307.08,1,Kotak Mahindra,IMPERSONATION,3,PNB,3,14,4,9
CMP00146,Ahmedabad,34358.49,1,Axis Bank,TECH_SUPPORT_SCAM,11,Bank of Baroda,1,23,2,14
CMP00147,Ahmedabad,188125.25,2,Axis Bank,OTP_SCAM,1,PNB,11,3,2,9
CMP00148,Hyderabad,48968.78,1,Kotak Mahindra,LOAN_FRAUD,4,SBI,14,42,2,2
CMP00149,Jaipur,30660.06,1,ICICI Bank,INVESTMENT_SCAM,12,Bank of Baroda,11,8,4,2
CMP00150,Surat,128642.93,2,Yes Bank,LOAN_FRAUD,3,Bank of Baroda,18,4,1,12
CMP00151,Delhi,91096.62,2,Kotak Mahindra,INVESTMENT_SCAM,6,SBI,14,65,3,18
CMP00152,Bengaluru,44819.23,1,Kotak Mahindra,INVESTMENT_SCAM,8,Indian Bank,18,71,2,15
CMP00153,Delhi,166974.52,2,Kotak Mahindra,LOAN_FRAUD,3,SBI,6,29,5,12
CMP00154,Lucknow,717897.24,4,HDFC Bank,IMPERSONATION,8,SBI,19,2,1,15
CMP00155,Ahmedabad,22085.8,1,Axis Bank,IMPERSONATION,5,Bank of Baroda,16,51,4,11
CMP00156,Hyderabad,21059.33,1,HDFC Bank,LOAN_FRAUD,2,Bank of Baroda,10,36,2,9
CMP00157,Kolkata,170354.56,2,Yes Bank,INVESTMENT_SCAM,1,PNB,19,52,5,18
CMP00158,Hyderabad,11412.76,1,Axis Bank,JOB_FRAUD,7,Bank of Baroda,22,25,2,7
CMP00159,Pune,176095.8,2,Axis Bank,JOB_FRAUD,5,Indian Bank,17,24,2,18
CMP00160,Pune,39768.4,1,Axis Bank,LOTTERY_FRAUD,4,SBI,9,54,6,11
CMP00161,Patna,44655.73,1,Axis Bank,LOAN_FRAUD,2,Bank of Baroda,18,10,3,16
CMP00162,Pune,44833.97,1,Kotak Mahindra,KYC_UPDATE,5,Indian Bank,4,18,1,17
CMP00163,Bengaluru,49465.61,1,ICICI Bank,LOTTERY_FRAUD,8,SBI,10,8,0,5
CMP00164,Jaipur,27176.39,1,HDFC Bank,LOTTERY_FRAUD,10,PNB,13,62,3,13
CMP00165,Delhi,10164.95,1,Axis Bank,TECH_SUPPORT_SCAM,4,Indian Bank,23,32,1,18
CMP00166,Mumbai,12611.48,1,Kotak Mahindra,LOTTERY_FRAUD,10,Indian Bank,1,39,2,13
CMP00167,Pune,17537.04,1,ICICI Bank,IMPERSONATION,8,Canara Bank,12,3,1,14
CMP00168,Patna,36021.62,1,Yes Bank,OTP_SCAM,2,PNB,1,49,5,16
CMP00169,Pune,112516.33,2,HDFC Bank,OTP_SCAM,1,SBI,12,16,4,16
CMP00170,Surat,149372.44,2,HDFC Bank,INVESTMENT_SCAM,7,Canara Bank,8,18,3,3
CMP00171,Hyderabad,17989.98,1,HDFC Bank,KYC_UPDATE,8,SBI,8,67,1,15
CMP00172,Delhi,122099.59,2,Yes Bank,LOTTERY_FRAUD,4,Bank of Baroda,7,1,0,18
CMP00173,Kolkata,65193.57,2,HDFC Bank,JOB_FRAUD,2,Indian Bank,8,30,3,9
CMP00174,Jaipur,177837.3,2,HDFC Bank,LOAN_FRAUD,3,SBI,11,41,3,3
CMP00175,Delhi,27508.58,1,ICICI Bank,OTP_SCAM,6,PNB,19,35,5,13
CMP00176,Ahmedabad,153485.36,2,Kotak Mahindra,KYC_UPDATE,5,Bank of Baroda,15,54,5,5
CMP00177,Kolkata,33630.01,1,HDFC Bank,KYC_UPDATE,2,PNB,18,57,1,15
CMP00178,Jaipur,12533.44,1,Kotak Mahindra,LOTTERY_FRAUD,7,SBI,20,41,0,16
CMP00179,Pune,142735.85,2,Axis Bank,INVESTMENT_SCAM,9,Indian Bank,13,32,3,17
CMP00180,Lucknow,73539.11,2,Yes Bank,LOTTERY_FRAUD,1,SBI,15,64,6,12
CMP00181,Bengaluru,35732.69,1,Axis Bank,INVESTMENT_SCAM,9,SBI,12,31,0,17
CMP00182,Jaipur,796191.17,4,Kotak Mahindra,KYC_UPDATE,2,Canara Bank,0,14,3,17
CMP00183,Patna,36183.84,1,Yes Bank,KYC_UPDATE,9,Canara Bank,14,44,2,7
CMP00184,Bengaluru,36286.69,1,Yes Bank,JOB_FRAUD,10,Indian Bank,22,58,0,13
CMP00185,Bengaluru,38083.84,1,Axis Bank,OTP_SCAM,9,Canara Bank,1,22,3,16
CMP00186,Hyderabad,44087.77,1,Yes Bank,KYC_UPDATE,4,PNB,6,59,6,10
CMP00187,Ahmedabad,117575.69,2,HDFC Bank,KYC_UPDATE,2,Indian Bank,21,65,1,0
CMP00188,Lucknow,824865.2,4,Kotak Mahindra,OTP_SCAM,8,Indian Bank,5,23,5,3
CMP00189,Pune,25386.51,1,Yes Bank,IMPERSONATION,6,Indian Bank,19,32,2,15
CMP00190,Kolkata,162264.03,2,ICICI Bank,JOB_FRAUD,10,Bank of Baroda,9,71,6,13
CMP00191,Chennai,36894.95,1,Yes Bank,INVESTMENT_SCAM,11,Canara Bank,22,23,4,17
CMP00192,Bengaluru,36686.29,1,Yes Bank,KYC_UPDATE,10,Bank of Baroda,13,69,2,13
CMP00193,Lucknow,36810.17,1,HDFC Bank,OTP_SCAM,7,SBI,6,35,6,9
CMP00194,Kolkata,54845.96,2,HDFC Bank,LOAN_FRAUD,4,Canara Bank,14,14,4,17
CMP00195,Surat,41873.35,1,Yes Bank,INVESTMENT_SCAM,4,Bank of Baroda,22,37,5,15
CMP00196,Pune,20053.65,1,Axis Bank,IMPERSONATION,1,Indian Bank,19,57,6,11
CMP00197,Surat,37306.35,1,ICICI Bank,INVESTMENT_SCAM,8,Canara Bank,5,23,5,15
CMP00198,Hyderabad,43840.57,1,Yes Bank,IMPERSONATION,3,Canara Bank,0,43,3,4
CMP00199,Kolkata,143805.0,2,Axis Bank,OTP_SCAM,1,Indian Bank,21,39,3,17
CMP00200,Mumbai,616485.03,4,Axis Bank,TECH_SUPPORT_SCAM,4,Indian Bank,16,21,3,18
CMP00201,Chennai,18737.81,1,ICICI Bank,TECH_SUPPORT_SCAM,6,Canara Bank,19,68,3,0
CMP00202,Pune,690960.88,4,Axis Bank,KYC_UPDATE,4,Bank of Baroda,19,32,0,15
CMP00203,Ahmedabad,46453.44,1,Axis Bank,KYC_UPDATE,12,Indian Bank,11,66,6,15
CMP00204,Pune,13838.26,1,ICICI Bank,LOAN_FRAUD,9,Canara Bank,17,69,0,12
CMP00205,Mumbai,161206.26,2,ICICI Bank,IMPERSONATION,12,Indian Bank,13,10,5,14
CMP00206,Delhi,20076.32,1,HDFC Bank,TECH_SUPPORT_SCAM,1,SBI,2,30,2,18
CMP00207,Bengaluru,10235.96,1,HDFC Bank,IMPERSONATION,11,Bank of Baroda,23,9,6,1
CMP00208,Bengaluru,95202.61,2,Yes Bank,KYC_UPDATE,5,SBI,2,37,6,12
CMP00209,Pune,15455.26,1,HDFC Bank,IMPERSONATION,3,Bank of Baroda,12,70,2,4
CMP00210,Pune,71206.08,2,Axis Bank,LOAN_FRAUD,9,SBI,1,1,4,17
CMP00211,Hyderabad,35837.26,1,ICICI Bank,KYC_UPDATE,4,Canara Bank,16,19,1,17
CMP00212,Mumbai,189855.48,2,ICICI Bank,INVESTMENT_SCAM,1,Indian Bank,17,60,5,15
CMP00213,Mumbai,485710.69,3,ICICI Bank,LOAN_FRAUD,8,Indian Bank,21,31,0,12
CMP00214,Jaipur,154018.72,2,Kotak Mahindra,TECH_SUPPORT_SCAM,10,Canara Bank,4,47,6,18
CMP00215,Bengaluru,115418.61,2,ICICI Bank,OTP_SCAM,12,PNB,11,18,5,15
CMP00216,Jaipur,17030.81,1,Axis Bank,JOB_FRAUD,8,Canara Bank,19,11,6,18
CMP00217,Surat,144743.97,2,HDFC Bank,LOAN_FRAUD,1,SBI,18,52,6,12
CMP00218,Pune,40885.79,1,ICICI Bank,JOB_FRAUD,7,Canara Bank,23,38,1,13
CMP00219,Bengaluru,48560.01,1,Yes Bank,IMPERSONATION,11,SBI,19,22,6,15
CMP00220,Patna,190876.29,2,Yes Bank,LOTTERY_FRAUD,12,PNB,1,29,6,8
CMP00221,Chennai,489001.09,3,HDFC Bank,TECH_SUPPORT_SCAM,9,PNB,15,59,0,14
CMP00222,Surat,31774.0,1,Yes Bank,KYC_UPDATE,12,Canara Bank,5,49,5,17
CMP00223,Ahmedabad,44708.78,1,ICICI Bank,LOAN_FRAUD,7,Indian Bank,15,62,4,12
CMP00224,Chennai,16009.62,1,HDFC Bank,LOTTERY_FRAUD,11,Indian Bank,5,47,4,3
CMP00225,Ahmedabad,121853.17,2,Axis Bank,INVESTMENT_SCAM,8,SBI,18,21,5,0
CMP00226,Delhi,35181.62,1,ICICI Bank,INVESTMENT_SCAM,10,Indian Bank,1,19,0,18
CMP00227,Surat,49711.03,1,Axis Bank,OTP_SCAM,4,SBI,15,22,1,4
CMP00228,Patna,101400.69,2,Yes Bank,LOTTERY_FRAUD,3,Canara Bank,14,9,1,3
CMP00229,Chennai,15982.45,1,Yes Bank,OTP_SCAM,11,Indian Bank,3,23,3,1
CMP00230,Mumbai,10048.01,1,Kotak Mahindra,KYC_UPDATE,10,PNB,21,56,4,14
CMP00231,Jaipur,186178.83,2,Kotak Mahindra,INVESTMENT_SCAM,10,Canara Bank,22,13,3,15
CMP00232,Hyderabad,10218.78,1,Yes Bank,KYC_UPDATE,7,Indian Bank,23,1,4,17
CMP00233,Pune,16191.14,1,ICICI Bank,IMPERSONATION,7,Canara Bank,20,33,2,13
CMP00234,Patna,41351.54,1,Axis Bank,TECH_SUPPORT_SCAM,4,Bank of Baroda,15,23,2,18
CMP00235,Patna,44553.22,1,Axis Bank,LOAN_FRAUD,12,Bank of Baroda,3,30,3,5
CMP00236,Chennai,142103.81,2,Yes Bank,KYC_UPDATE,6,Bank of Baroda,21,7,1,17
CMP00237,Kolkata,20523.68,1,Kotak Mahindra,KYC_UPDATE,7,Indian Bank,11,11,4,15
CMP00238,Surat,115845.81,2,Yes Bank,LOAN_FRAUD,3,SBI,6,67,2,16
CMP00239,Patna,10011.49,1,ICICI Bank,INVESTMENT_SCAM,6,SBI,5,12,2,11
CMP00240,Ahmedabad,38144.88,1,Yes Bank,IMPERSONATION,9,PNB,2,71,2,17
CMP00241,Bengaluru,563807.21,4,Axis Bank,TECH_SUPPORT_SCAM,10,PNB,12,1,2,14
CMP00242,Lucknow,193506.4,2,Axis Bank,KYC_UPDATE,2,Canara Bank,17,33,5,15
CMP00243,Bengaluru,122295.52,2,Kotak Mahindra,INVESTMENT_SCAM,10,Bank of Baroda,8,9,3,18
CMP00244,Ahmedabad,43287.08,1,Axis Bank,TECH_SUPPORT_SCAM,9,Indian Bank,7,37,0,14
CMP00245,Lucknow,45772.65,1,ICICI Bank,KYC_UPDATE,6,Bank of Baroda,8,24,5,14
CMP00246,Chennai,43397.62,1,ICICI Bank,INVESTMENT_SCAM,4,Canara Bank,19,46,1,3
CMP00247,Pune,131221.09,2,Kotak Mahindra,KYC_UPDATE,1,Indian Bank,1,62,2,15
CMP00248,Kolkata,33066.61,1,Yes Bank,JOB_FRAUD,7,Canara Bank,1,68,6,13
CMP00249,Ahmedabad,119010.59,2,ICICI Bank,TECH_SUPPORT_SCAM,2,Bank of Baroda,22,2,0,18
CMP00250,Bengaluru,19485.57,1,Yes Bank,TECH_SUPPORT_SCAM,3,Canara Bank,15,44,2,18
CMP00251,Surat,17195.57,1,Axis Bank,IMPERSONATION,7,Canara Bank,4,30,6,15
CMP00252,Ahmedabad,42226.73,1,ICICI Bank,IMPERSONATION,12,PNB,5,54,3,16
CMP00253,Jaipur,57156.4,2,Axis Bank,TECH_SUPPORT_SCAM,9,Canara Bank,3,21,0,18
CMP00254,Jaipur,32299.66,1,Axis Bank,KYC_UPDATE,6,Canara Bank,8,45,0,15
CMP00255,Hyderabad,40989.77,1,Axis Bank,LOTTERY_FRAUD,11,Canara Bank,14,11,3,12
CMP00256,Pune,110715.91,2,Axis Bank,LOTTERY_FRAUD,11,Bank of Baroda,2,11,1,12
CMP00257,Surat,45507.67,1,Axis Bank,LOAN_FRAUD,11,Indian Bank,11,67,3,12
CMP00258,Surat,62009.71,2,ICICI Bank,LOTTERY_FRAUD,12,Canara Bank,5,51,0,12
CMP00259,Ahmedabad,16210.97,1,Yes Bank,OTP_SCAM,2,SBI,20,50,2,16
CMP00260,Pune,54285.69,2,ICICI Bank,JOB_FRAUD,9,PNB,21,46,6,15
CMP00261,Lucknow,47939.45,1,Axis Bank,JOB_FRAUD,8,Indian Bank,17,23,4,13
CMP00262,Bengaluru,116279.05,2,Kotak Mahindra,LOAN_FRAUD,4,Indian Bank,11,53,2,12
CMP00263,Bengaluru,46883.54,1,Axis Bank,LOTTERY_FRAUD,9,Bank of Baroda,15,39,0,9
CMP00264,Delhi,32422.17,1,Yes Bank,INVESTMENT_SCAM,4,Canara Bank,12,32,1,12
CMP00265,Chennai,127491.51,2,Axis Bank,IMPERSONATION,7,SBI,19,35,2,8
CMP00266,Chennai,35475.71,1,HDFC Bank,IMPERSONATION,3,PNB,19,58,2,15
CMP00267,Bengaluru,217704.71,3,HDFC Bank,INVESTMENT_SCAM,1,PNB,3,37,2,15
CMP00268,Mumbai,26809.72,1,ICICI Bank,INVESTMENT_SCAM,8,SBI,15,48,3,18
CMP00269,Kolkata,28805.87,1,HDFC Bank,KYC_UPDATE,7,Canara Bank,6,33,6,14
CMP00270,Ahmedabad,359343.9,3,Kotak Mahindra,INVESTMENT_SCAM,12,PNB,23,13,4,18
CMP00271,Pune,56327.89,2,Axis Bank,IMPERSONATION,3,Canara Bank,17,67,0,9
CMP00272,Bengaluru,27366.47,1,HDFC Bank,INVESTMENT_SCAM,2,PNB,0,22,6,18
CMP00273,Delhi,33848.49,1,HDFC Bank,INVESTMENT_SCAM,12,Indian Bank,11,12,1,18
CMP00274,Delhi,14295.67,1,Axis Bank,OTP_SCAM,12,PNB,15,30,2,11
CMP00275,Surat,38975.97,1,ICICI Bank,JOB_FRAUD,12,SBI,8,6,3,17
CMP00276,Lucknow,23906.59,1,Kotak Mahindra,LOAN_FRAUD,10,PNB,23,60,2,17
CMP00277,Mumbai,20533.97,1,Yes Bank,LOTTERY_FRAUD,8,PNB,11,59,0,16
CMP00278,Surat,166402.49,2,ICICI Bank,IMPERSONATION,10,SBI,7,42,5,12
CMP00279,Lucknow,98390.01,2,Kotak Mahindra,INVESTMENT_SCAM,3,Indian Bank,20,42,0,17
CMP00280,Kolkata,17664.67,1,ICICI Bank,OTP_SCAM,4,SBI,1,50,5,16
CMP00281,Bengaluru,47208.44,1,ICICI Bank,OTP_SCAM,12,Indian Bank,6,63,6,16
CMP00282,Lucknow,34677.33,1,Kotak Mahindra,TECH_SUPPORT_SCAM,12,Canara Bank,16,6,5,18
CMP00283,Lucknow,25413.24,1,HDFC Bank,INVESTMENT_SCAM,12,SBI,6,68,5,17
CMP00284,Surat,155382.56,2,HDFC Bank,IMPERSONATION,6,Indian Bank,13,14,1,17
CMP00285,Lucknow,554409.74,4,Axis Bank,IMPERSONATION,9,PNB,11,41,4,10
CMP00286,Ahmedabad,31825.05,1,Kotak Mahindra,TECH_SUPPORT_SCAM,10,Canara Bank,12,71,5,18
CMP00287,Delhi,15403.43,1,HDFC Bank,IMPERSONATION,10,Canara Bank,9,1,2,6
CMP00288,Delhi,47036.9,1,Axis Bank,TECH_SUPPORT_SCAM,9,Indian Bank,4,13,0,15
CMP00289,Bengaluru,22012.1,1,Yes Bank,LOAN_FRAUD,4,PNB,18,52,4,2
CMP00290,Jaipur,172927.29,2,ICICI Bank,TECH_SUPPORT_SCAM,12,Bank of Baroda,3,39,0,18
CMP00291,Mumbai,115145.66,2,HDFC Bank,IMPERSONATION,6,Canara Bank,3,30,5,0
CMP00292,Delhi,32596.52,1,Axis Bank,IMPERSONATION,1,Indian Bank,10,65,5,14
CMP00293,Patna,21591.32,1,Yes Bank,JOB_FRAUD,2,Indian Bank,12,19,1,16
CMP00294,Hyderabad,37914.82,1,HDFC Bank,IMPERSONATION,9,Bank of Baroda,4,62,4,15
CMP00295,Chennai,46965.52,1,HDFC Bank,INVESTMENT_SCAM,7,Canara Bank,2,15,5,15
CMP00296,Bengaluru,22192.75,1,Axis Bank,INVESTMENT_SCAM,11,Indian Bank,11,57,4,18
CMP00297,Pune,66855.76,2,Axis Bank,INVESTMENT_SCAM,12,PNB,1,32,4,9
CMP00298,Bengaluru,23275.07,1,HDFC Bank,OTP_SCAM,8,Canara Bank,23,69,1,16
CMP00299,Patna,36541.13,1,ICICI Bank,JOB_FRAUD,7,SBI,1,33,1,18
CMP00300,Jaipur,149447.25,2,HDFC Bank,OTP_SCAM,7,SBI,21,47,6,13
CMP00301,Ahmedabad,33884.26,1,Yes Bank,INVESTMENT_SCAM,6,SBI,2,24,1,15
CMP00302,Chennai,39775.63,1,Yes Bank,OTP_SCAM,6,Canara Bank,0,45,5,16
CMP00303,Lucknow,25486.82,1,Axis Bank,INVESTMENT_SCAM,11,SBI,0,72,2,15
CMP00304,Mumbai,143828.69,2,Kotak Mahindra,LOTTERY_FRAUD,11,Indian Bank,7,54,1,12
CMP00305,Jaipur,137154.61,2,Yes Bank,TECH_SUPPORT_SCAM,4,PNB,21,26,6,14
CMP00306,Kolkata,31318.46,1,Yes Bank,IMPERSONATION,6,PNB,23,16,1,14
CMP00307,Ahmedabad,173254.78,2,Kotak Mahindra,TECH_SUPPORT_SCAM,8,Canara Bank,20,36,1,3
CMP00308,Kolkata,32681.72,1,HDFC Bank,LOTTERY_FRAUD,10,Indian Bank,7,30,1,12
CMP00309,Kolkata,106093.91,2,Yes Bank,JOB_FRAUD,8,Indian Bank,12,63,3,18
CMP00310,Ahmedabad,36853.56,1,HDFC Bank,OTP_SCAM,7,Canara Bank,6,27,0,13
CMP00311,Jaipur,141189.49,2,ICICI Bank,TECH_SUPPORT_SCAM,7,Bank of Baroda,12,41,3,14
CMP00312,Jaipur,25824.45,1,Kotak Mahindra,KYC_UPDATE,4,SBI,23,6,4,17
CMP00313,Hyderabad,92887.19,2,Kotak Mahindra,INVESTMENT_SCAM,5,Bank of Baroda,5,55,2,18
CMP00314,Pune,17190.86,1,Kotak Mahindra,JOB_FRAUD,12,SBI,18,70,1,16
CMP00315,Kolkata,182382.27,2,Kotak Mahindra,OTP_SCAM,12,Indian Bank,2,33,2,16
CMP00316,Mumbai,30952.69,1,HDFC Bank,KYC_UPDATE,11,Bank of Baroda,12,66,4,12
CMP00317,Delhi,179400.87,2,ICICI Bank,IMPERSONATION,10,Canara Bank,5,19,1,1
CMP00318,Hyderabad,67633.1,2,Axis Bank,IMPERSONATION,5,Bank of Baroda,4,26,0,15
CMP00319,Jaipur,124020.02,2,Kotak Mahindra,JOB_FRAUD,1,Indian Bank,6,61,3,18
CMP00320,Lucknow,43010.1,1,Axis Bank,INVESTMENT_SCAM,11,Indian Bank,1,24,1,15
CMP00321,Delhi,13508.11,1,Yes Bank,LOTTERY_FRAUD,5,Indian Bank,3,54,1,12
CMP00322,Surat,21971.78,1,Yes Bank,JOB_FRAUD,1,Canara Bank,11,49,6,16
CMP00323,Jaipur,99381.28,2,ICICI Bank,LOAN_FRAUD,12,SBI,13,68,1,1
CMP00324,Patna,140716.7,2,Yes Bank,KYC_UPDATE,8,SBI,22,37,3,15
CMP00325,Kolkata,35274.3,1,Yes Bank,TECH_SUPPORT_SCAM,8,Indian Bank,15,24,4,18
CMP00326,Mumbai,160620.26,2,HDFC Bank,OTP_SCAM,11,Bank of Baroda,6,54,3,13
CMP00327,Pune,96165.88,2,ICICI Bank,OTP_SCAM,5,Canara Bank,16,71,2,3
CMP00328,Bengaluru,865634.22,4,Kotak Mahindra,TECH_SUPPORT_SCAM,10,Indian Bank,6,43,6,14
CMP00329,Delhi,183808.75,2,ICICI Bank,JOB_FRAUD,3,Bank of Baroda,17,43,3,13
CMP00330,Lucknow,133276.58,2,Axis Bank,OTP_SCAM,12,Indian Bank,0,27,4,13
CMP00331,Hyderabad,176360.87,2,HDFC Bank,LOTTERY_FRAUD,7,Canara Bank,18,50,1,12
CMP00332,Hyderabad,105737.54,2,Kotak Mahindra,OTP_SCAM,8,SBI,9,28,4,12
CMP00333,Chennai,29306.53,1,HDFC Bank,OTP_SCAM,9,Bank of Baroda,16,20,1,13
CMP00334,Kolkata,364149.69,3,HDFC Bank,TECH_SUPPORT_SCAM,11,Indian Bank,1,59,3,16
CMP00335,Delhi,180781.26,2,Axis Bank,KYC_UPDATE,11,SBI,10,60,0,17
CMP00336,Patna,21462.7,1,Axis Bank,OTP_SCAM,6,PNB,17,41,6,12
CMP00337,Kolkata,647700.61,4,Axis Bank,LOTTERY_FRAUD,1,SBI,3,27,4,12
CMP00338,Surat,22455.1,1,Axis Bank,LOTTERY_FRAUD,4,Indian Bank,10,70,3,15
CMP00339,Mumbai,17159.32,1,Kotak Mahindra,OTP_SCAM,2,SBI,19,58,4,13
CMP00340,Jaipur,187953.36,2,Yes Bank,KYC_UPDATE,2,PNB,14,13,3,17
CMP00341,Chennai,24537.97,1,ICICI Bank,JOB_FRAUD,10,PNB,5,43,6,10
CMP00342,Jaipur,29146.08,1,HDFC Bank,JOB_FRAUD,8,SBI,5,37,6,13
CMP00343,Ahmedabad,168864.64,2,HDFC Bank,KYC_UPDATE,9,Canara Bank,17,60,3,14
CMP00344,Jaipur,37762.39,1,Kotak Mahindra,LOTTERY_FRAUD,6,SBI,13,56,4,17
CMP00345,Kolkata,33843.02,1,HDFC Bank,INVESTMENT_SCAM,8,Indian Bank,10,72,0,5
CMP00346,Ahmedabad,139460.81,2,HDFC Bank,LOAN_FRAUD,2,Indian Bank,12,42,3,12
CMP00347,Kolkata,117946.16,2,Yes Bank,INVESTMENT_SCAM,3,SBI,9,50,4,18
CMP00348,Hyderabad,187267.69,2,Yes Bank,TECH_SUPPORT_SCAM,7,Canara Bank,2,2,4,12
CMP00349,Hyderabad,200674.65,3,HDFC Bank,LOTTERY_FRAUD,9,Canara Bank,17,46,0,0
CMP00350,Ahmedabad,25311.58,1,Yes Bank,INVESTMENT_SCAM,11,Bank of Baroda,12,56,4,18
CMP00351,Chennai,73140.09,2,Yes Bank,LOTTERY_FRAUD,6,Bank of Baroda,21,17,1,13
CMP00352,Surat,35689.72,1,Kotak Mahindra,LOTTERY_FRAUD,3,Bank of Baroda,13,59,6,12
CMP00353,Lucknow,19029.64,1,Kotak Mahindra,JOB_FRAUD,8,Indian Bank,13,1,4,13
CMP00354,Ahmedabad,11514.6,1,Yes Bank,LOAN_FRAUD,6,Indian Bank,15,48,0,2
CMP00355,Surat,30934.27,1,Yes Bank,LOTTERY_FRAUD,8,Canara Bank,19,12,1,13
CMP00356,Patna,120330.32,2,HDFC Bank,LOAN_FRAUD,9,Canara Bank,16,61,4,13
CMP00357,Hyderabad,139645.48,2,Axis Bank,TECH_SUPPORT_SCAM,1,PNB,9,34,0,14
CMP00358,Pune,13300.41,1,Axis Bank,OTP_SCAM,1,Indian Bank,16,10,6,8
CMP00359,Patna,14461.98,1,Axis Bank,LOTTERY_FRAUD,5,Canara Bank,5,20,5,8
CMP00360,Jaipur,13376.06,1,ICICI Bank,INVESTMENT_SCAM,1,Indian Bank,4,20,6,15
CMP00361,Pune,43673.32,1,Kotak Mahindra,INVESTMENT_SCAM,4,PNB,1,34,6,1
CMP00362,Jaipur,47930.07,1,Kotak Mahindra,LOTTERY_FRAUD,5,Bank of Baroda,17,30,3,12
CMP00363,Kolkata,41892.36,1,Yes Bank,LOAN_FRAUD,1,Bank of Baroda,12,41,4,12
CMP00364,Ahmedabad,42092.65,1,Yes Bank,TECH_SUPPORT_SCAM,6,Canara Bank,8,51,3,7
CMP00365,Lucknow,36912.07,1,Axis Bank,INVESTMENT_SCAM,6,PNB,2,2,3,18
CMP00366,Chennai,34775.89,1,Axis Bank,TECH_SUPPORT_SCAM,4,Canara Bank,1,28,4,14
CMP00367,Patna,147185.88,2,ICICI Bank,KYC_UPDATE,11,Bank of Baroda,5,15,5,15
CMP00368,Pune,150136.88,2,Kotak Mahindra,KYC_UPDATE,7,Canara Bank,10,33,1,8
CMP00369,Ahmedabad,42512.03,1,Kotak Mahindra,OTP_SCAM,1,Canara Bank,5,57,0,12
CMP00370,Pune,27250.14,1,Kotak Mahindra,LOTTERY_FRAUD,3,SBI,19,14,3,3
CMP00371,Mumbai,27835.28,1,HDFC Bank,OTP_SCAM,12,Indian Bank,15,20,5,12
CMP00372,Kolkata,38304.23,1,Axis Bank,LOAN_FRAUD,10,Bank of Baroda,15,62,3,2
CMP00373,Delhi,47401.69,1,Kotak Mahindra,INVESTMENT_SCAM,2,Bank of Baroda,11,43,5,18
CMP00374,Lucknow,93493.8,2,Axis Bank,TECH_SUPPORT_SCAM,8,SBI,6,23,4,18
CMP00375,Surat,122975.53,2,Kotak Mahindra,LOAN_FRAUD,11,SBI,20,57,5,12
CMP00376,Surat,41709.57,1,Yes Bank,OTP_SCAM,8,PNB,20,40,3,13
CMP00377,Bengaluru,14727.48,1,HDFC Bank,OTP_SCAM,12,Canara Bank,20,67,3,17
CMP00378,Surat,15663.62,1,Yes Bank,LOTTERY_FRAUD,2,PNB,20,3,3,1
CMP00379,Surat,185699.35,2,ICICI Bank,INVESTMENT_SCAM,3,SBI,3,59,4,17
CMP00380,Mumbai,42178.14,1,Kotak Mahindra,KYC_UPDATE,10,Indian Bank,13,44,6,12
CMP00381,Mumbai,48587.7,1,Yes Bank,TECH_SUPPORT_SCAM,3,Indian Bank,6,6,4,15
CMP00382,Kolkata,16600.25,1,Kotak Mahindra,LOAN_FRAUD,12,PNB,7,6,1,12
CMP00383,Delhi,47045.48,1,Kotak Mahindra,LOTTERY_FRAUD,1,SBI,22,37,3,12
CMP00384,Kolkata,47523.58,1,Axis Bank,INVESTMENT_SCAM,8,Indian Bank,19,5,4,15
CMP00385,Bengaluru,14700.31,1,Kotak Mahindra,LOAN_FRAUD,9,SBI,16,13,4,16
CMP00386,Jaipur,41864.52,1,ICICI Bank,INVESTMENT_SCAM,1,Canara Bank,21,61,3,17
CMP00387,Pune,23371.79,1,Axis Bank,OTP_SCAM,4,Canara Bank,14,6,0,17
CMP00388,Kolkata,45803.17,1,HDFC Bank,LOTTERY_FRAUD,9,Bank of Baroda,23,57,4,12
CMP00389,Chennai,39509.91,1,HDFC Bank,TECH_SUPPORT_SCAM,4,Canara Bank,6,49,1,14
CMP00390,Ahmedabad,25493.21,1,ICICI Bank,OTP_SCAM,10,PNB,4,59,5,13
CMP00391,Bengaluru,21224.17,1,ICICI Bank,INVESTMENT_SCAM,12,SBI,3,60,3,15
CMP00392,Patna,32110.23,1,ICICI Bank,LOAN_FRAUD,3,Indian Bank,7,12,3,15
CMP00393,Patna,27124.41,1,Kotak Mahindra,INVESTMENT_SCAM,5,Bank of Baroda,7,32,2,18
CMP00394,Ahmedabad,125632.45,2,HDFC Bank,OTP_SCAM,8,SBI,13,68,3,16
CMP00395,Jaipur,153973.98,2,ICICI Bank,JOB_FRAUD,9,SBI,13,28,1,18
CMP00396,Jaipur,32815.23,1,Axis Bank,OTP_SCAM,12,PNB,18,4,3,12
CMP00397,Bengaluru,45737.38,1,Kotak Mahindra,LOTTERY_FRAUD,11,SBI,10,68,0,12
CMP00398,Patna,739722.37,4,Axis Bank,KYC_UPDATE,9,SBI,1,15,3,17
CMP00399,Bengaluru,38373.49,1,ICICI Bank,TECH_SUPPORT_SCAM,12,Indian Bank,6,18,2,15
CMP00400,Surat,125534.9,2,ICICI Bank,INVESTMENT_SCAM,6,Canara Bank,13,36,0,15
CMP00401,Lucknow,151746.24,2,Yes Bank,JOB_FRAUD,8,SBI,17,38,3,13
CMP00402,Jaipur,93255.9,2,HDFC Bank,INVESTMENT_SCAM,7,SBI,2,14,1,17
CMP00403,Kolkata,26661.47,1,ICICI Bank,JOB_FRAUD,11,Indian Bank,21,70,1,16
CMP00404,Hyderabad,84849.21,2,ICICI Bank,OTP_SCAM,1,SBI,16,43,3,16
CMP00405,Patna,32690.07,1,Yes Bank,JOB_FRAUD,8,Indian Bank,9,22,6,16
CMP00406,Delhi,16654.52,1,ICICI Bank,LOAN_FRAUD,5,Canara Bank,5,69,2,12
CMP00407,Chennai,27635.55,1,HDFC Bank,LOTTERY_FRAUD,6,SBI,11,24,1,10
CMP00408,Kolkata,626914.37,4,Axis Bank,TECH_SUPPORT_SCAM,9,Bank of Baroda,3,4,3,4
CMP00409,Bengaluru,30296.36,1,ICICI Bank,JOB_FRAUD,12,SBI,20,38,3,18
CMP00410,Patna,29159.25,1,Kotak Mahindra,LOTTERY_FRAUD,12,Canara Bank,1,18,5,12
CMP00411,Patna,12201.35,1,ICICI Bank,IMPERSONATION,6,Bank of Baroda,20,25,4,15
CMP00412,Mumbai,63106.54,2,Yes Bank,OTP_SCAM,11,Bank of Baroda,16,51,1,16
CMP00413,Ahmedabad,10487.63,1,ICICI Bank,TECH_SUPPORT_SCAM,6,Bank of Baroda,11,45,2,17
CMP00414,Chennai,42226.91,1,Kotak Mahindra,KYC_UPDATE,8,Bank of Baroda,13,54,1,2
CMP00415,Chennai,252892.62,3,Axis Bank,LOTTERY_FRAUD,9,Bank of Baroda,18,49,0,13
CMP00416,Kolkata,46594.88,1,Yes Bank,IMPERSONATION,12,Bank of Baroda,6,24,6,15
CMP00417,Hyderabad,28538.07,1,Yes Bank,OTP_SCAM,8,Canara Bank,0,1,1,16
CMP00418,Pune,37513.73,1,Axis Bank,KYC_UPDATE,3,Bank of Baroda,7,4,0,15
CMP00419,Patna,44733.84,1,Axis Bank,KYC_UPDATE,8,Indian Bank,20,61,5,11
CMP00420,Hyderabad,28441.76,1,ICICI Bank,OTP_SCAM,1,Indian Bank,22,18,2,13
CMP00421,Pune,35557.86,1,Axis Bank,IMPERSONATION,5,SBI,2,66,1,5
CMP00422,Patna,174023.3,2,ICICI Bank,KYC_UPDATE,6,Indian Bank,21,39,2,17
CMP00423,Lucknow,30726.83,1,Yes Bank,KYC_UPDATE,3,Canara Bank,11,63,3,14
CMP00424,Kolkata,133798.28,2,Yes Bank,INVESTMENT_SCAM,4,PNB,22,68,6,17
CMP00425,Jaipur,583614.58,4,HDFC Bank,IMPERSONATION,3,SBI,9,47,1,16
CMP00426,Kolkata,83353.68,2,Axis Bank,TECH_SUPPORT_SCAM,12,SBI,22,19,5,15
CMP00427,Mumbai,29370.2,1,Kotak Mahindra,LOTTERY_FRAUD,2,SBI,13,6,1,13
CMP00428,Mumbai,10410.9,1,Axis Bank,JOB_FRAUD,2,SBI,3,16,4,18
CMP00429,Delhi,959033.28,4,HDFC Bank,TECH_SUPPORT_SCAM,12,PNB,11,46,1,7
CMP00430,Mumbai,17661.9,1,Yes Bank,KYC_UPDATE,9,SBI,9,22,6,17
CMP00431,Lucknow,27586.63,1,Kotak Mahindra,INVESTMENT_SCAM,12,Canara Bank,3,24,6,15
CMP00432,Lucknow,97142.04,2,ICICI Bank,INVESTMENT_SCAM,2,Bank of Baroda,14,15,4,15
CMP00433,Mumbai,28277.83,1,Axis Bank,OTP_SCAM,2,Bank of Baroda,23,40,5,14
CMP00434,Lucknow,12784.37,1,Kotak Mahindra,INVESTMENT_SCAM,7,Canara Bank,15,48,1,17
CMP00435,Ahmedabad,67882.68,2,Kotak Mahindra,KYC_UPDATE,11,Indian Bank,12,52,5,14
CMP00436,Bengaluru,49626.45,1,ICICI Bank,KYC_UPDATE,4,Canara Bank,3,30,6,15
CMP00437,Pune,192520.82,2,Kotak Mahindra,LOAN_FRAUD,8,Canara Bank,15,66,2,13
CMP00438,Hyderabad,70191.26,2,Kotak Mahindra,KYC_UPDATE,4,Bank of Baroda,3,7,6,17
CMP00439,Ahmedabad,34929.3,1,Yes Bank,LOTTERY_FRAUD,3,Canara Bank,2,67,6,12
CMP00440,Pune,23744.63,1,Kotak Mahindra,LOAN_FRAUD,9,Bank of Baroda,17,70,0,1
CMP00441,Mumbai,116383.42,2,Kotak Mahindra,IMPERSONATION,6,Bank of Baroda,1,5,1,15
CMP00442,Ahmedabad,40560.45,1,ICICI Bank,JOB_FRAUD,12,Canara Bank,18,63,5,13
CMP00443,Lucknow,29787.65,1,ICICI Bank,JOB_FRAUD,1,Indian Bank,12,46,6,10
CMP00444,Delhi,102331.52,2,Yes Bank,OTP_SCAM,3,SBI,23,4,6,10
CMP00445,Mumbai,12257.97,1,Kotak Mahindra,IMPERSONATION,6,Canara Bank,7,32,1,2
CMP00446,Hyderabad,23044.67,1,HDFC Bank,KYC_UPDATE,3,Canara Bank,14,55,4,15
CMP00447,Surat,502190.07,4,Kotak Mahindra,OTP_SCAM,1,Indian Bank,12,42,4,13
CMP00448,Bengaluru,34593.11,1,Kotak Mahindra,INVESTMENT_SCAM,11,Indian Bank,11,56,1,18
CMP00449,Hyderabad,19035.44,1,HDFC Bank,LOAN_FRAUD,10,Canara Bank,23,12,5,3
CMP00450,Hyderabad,18389.57,1,HDFC Bank,TECH_SUPPORT_SCAM,9,Indian Bank,2,39,4,13
CMP00451,Chennai,117984.29,2,Kotak Mahindra,TECH_SUPPORT_SCAM,5,Bank of Baroda,17,24,0,14
CMP00452,Chennai,34576.89,1,Kotak Mahindra,JOB_FRAUD,11,Canara Bank,13,8,4,16
CMP00453,Kolkata,43208.58,1,Axis Bank,INVESTMENT_SCAM,7,Bank of Baroda,2,27,6,15
CMP00454,Pune,15998.49,1,Yes Bank,LOAN_FRAUD,7,PNB,0,32,6,14
CMP00455,Lucknow,361592.41,3,Kotak Mahindra,JOB_FRAUD,11,Bank of Baroda,8,18,0,16
CMP00456,Surat,62589.43,2,Kotak Mahindra,OTP_SCAM,1,SBI,19,39,6,13
CMP00457,Ahmedabad,30009.94,1,ICICI Bank,KYC_UPDATE,2,PNB,3,67,5,16
CMP00458,Jaipur,42267.49,1,HDFC Bank,LOAN_FRAUD,10,PNB,10,50,6,7
CMP00459,Chennai,20981.89,1,ICICI Bank,IMPERSONATION,3,SBI,13,33,6,15
CMP00460,Bengaluru,194497.3,2,Yes Bank,KYC_UPDATE,8,Bank of Baroda,4,47,3,9
CMP00461,Pune,191127.24,2,Yes Bank,OTP_SCAM,12,SBI,22,31,2,13
CMP00462,Lucknow,48429.92,1,ICICI Bank,KYC_UPDATE,7,Bank of Baroda,8,39,0,7
CMP00463,Chennai,42489.91,1,ICICI Bank,LOAN_FRAUD,11,Bank of Baroda,20,53,6,12
CMP00464,Surat,46741.85,1,Kotak Mahindra,JOB_FRAUD,12,Canara Bank,3,21,5,18
CMP00465,Patna,164296.32,2,Yes Bank,IMPERSONATION,8,Canara Bank,20,24,5,4
CMP00466,Ahmedabad,14433.13,1,ICICI Bank,OTP_SCAM,6,Canara Bank,7,67,5,4
CMP00467,Bengaluru,16939.16,1,Kotak Mahindra,IMPERSONATION,12,Bank of Baroda,18,42,6,14
CMP00468,Kolkata,47924.37,1,Kotak Mahindra,TECH_SUPPORT_SCAM,10,Bank of Baroda,17,30,0,6
CMP00469,Surat,140058.91,2,ICICI Bank,LOAN_FRAUD,7,SBI,4,12,2,3
CMP00470,Surat,124122.35,2,Yes Bank,OTP_SCAM,8,Bank of Baroda,7,27,1,8
CMP00471,Surat,18264.24,1,Kotak Mahindra,LOAN_FRAUD,3,Bank of Baroda,6,37,5,13
CMP00472,Kolkata,28039.07,1,HDFC Bank,IMPERSONATION,5,Canara Bank,7,48,4,15
CMP00473,Jaipur,18488.71,1,ICICI Bank,OTP_SCAM,12,Canara Bank,12,55,5,12
CMP00474,Delhi,997391.55,4,Axis Bank,OTP_SCAM,8,PNB,21,6,0,16
CMP00475,Ahmedabad,17174.89,1,Axis Bank,LOAN_FRAUD,9,PNB,5,65,3,14
CMP00476,Mumbai,14673.68,1,Axis Bank,LOTTERY_FRAUD,7,Indian Bank,1,17,3,8
CMP00477,Ahmedabad,189007.53,2,Axis Bank,TECH_SUPPORT_SCAM,10,Canara Bank,16,41,3,10
CMP00478,Kolkata,12182.69,1,Yes Bank,JOB_FRAUD,1,Bank of Baroda,5,5,3,13
CMP00479,Mumbai,38361.17,1,Kotak Mahindra,IMPERSONATION,8,SBI,15,59,3,4
CMP00480,Bengaluru,16731.8,1,HDFC Bank,KYC_UPDATE,5,PNB,16,35,4,18
CMP00481,Patna,46816.53,1,HDFC Bank,INVESTMENT_SCAM,10,Indian Bank,7,64,5,15
CMP00482,Pune,48048.79,1,HDFC Bank,LOAN_FRAUD,6,Bank of Baroda,10,20,0,15
CMP00483,Pune,48790.82,1,Axis Bank,JOB_FRAUD,11,Indian Bank,20,58,2,18
CMP00484,Chennai,161570.0,2,HDFC Bank,LOTTERY_FRAUD,6,Canara Bank,17,49,0,7
CMP00485,Mumbai,26095.85,1,HDFC Bank,IMPERSONATION,3,PNB,20,20,0,15
CMP00486,Bengaluru,27817.7,1,HDFC Bank,LOTTERY_FRAUD,9,Canara Bank,12,61,2,12
CMP00487,Bengaluru,63942.12,2,Yes Bank,IMPERSONATION,7,PNB,16,44,3,4
CMP00488,Lucknow,13167.33,1,Yes Bank,JOB_FRAUD,5,SBI,15,39,1,9
CMP00489,Lucknow,13061.3,1,Kotak Mahindra,INVESTMENT_SCAM,10,Canara Bank,1,66,0,15
CMP00490,Pune,13270.78,1,Yes Bank,JOB_FRAUD,6,Canara Bank,16,3,0,14
CMP00491,Kolkata,38175.14,1,Kotak Mahindra,LOTTERY_FRAUD,2,SBI,10,59,6,13
CMP00492,Kolkata,140607.93,2,ICICI Bank,TECH_SUPPORT_SCAM,2,PNB,21,14,3,15
CMP00493,Delhi,180317.08,2,ICICI Bank,KYC_UPDATE,8,Bank of Baroda,23,63,2,17
CMP00494,Hyderabad,14476.5,1,HDFC Bank,IMPERSONATION,3,PNB,0,25,6,15
CMP00495,Ahmedabad,28537.02,1,Yes Bank,INVESTMENT_SCAM,2,PNB,15,55,0,18
CMP00496,Jaipur,21793.26,1,HDFC Bank,JOB_FRAUD,10,Bank of Baroda,12,7,2,13
CMP00497,Jaipur,21630.98,1,Yes Bank,IMPERSONATION,12,Indian Bank,15,52,3,15
CMP00498,Surat,22634.01,1,HDFC Bank,INVESTMENT_SCAM,1,Indian Bank,2,35,5,15
CMP00499,Patna,16453.34,1,Axis Bank,JOB_FRAUD,12,Bank of Baroda,23,25,3,18
CMP00500,Patna,108555.68,2,Kotak Mahindra,TECH_SUPPORT_SCAM,5,PNB,13,47,6,15
CMP00501,Surat,16252.56,1,HDFC Bank,LOAN_FRAUD,3,Bank of Baroda,15,13,6,13
CMP00502,Chennai,20432.32,1,Yes Bank,INVESTMENT_SCAM,1,SBI,21,21,1,16
CMP00503,Mumbai,68103.2,2,Axis Bank,OTP_SCAM,2,Bank of Baroda,7,63,2,11
CMP00504,Lucknow,140643.42,2,Axis Bank,OTP_SCAM,12,PNB,3,7,3,3
CMP00505,Patna,14216.44,1,Yes Bank,KYC_UPDATE,9,SBI,20,16,6,15
CMP00506,Surat,64894.14,2,Kotak Mahindra,LOAN_FRAUD,8,Indian Bank,20,47,2,3
CMP00507,Jaipur,121049.5,2,Kotak Mahindra,INVESTMENT_SCAM,4,SBI,9,65,1,15
CMP00508,Pune,19127.28,1,ICICI Bank,TECH_SUPPORT_SCAM,9,PNB,13,53,3,16
CMP00509,Delhi,127602.3,2,Kotak Mahindra,TECH_SUPPORT_SCAM,1,PNB,2,11,2,15
CMP00510,Ahmedabad,35264.3,1,HDFC Bank,OTP_SCAM,10,PNB,22,67,2,16
CMP00511,Bengaluru,72029.27,2,HDFC Bank,TECH_SUPPORT_SCAM,9,Canara Bank,12,58,5,14
CMP00512,Pune,31497.34,1,Kotak Mahindra,TECH_SUPPORT_SCAM,5,PNB,12,17,4,9
CMP00513,Mumbai,40281.85,1,Yes Bank,INVESTMENT_SCAM,5,Indian Bank,5,3,0,17
CMP00514,Chennai,12397.83,1,Axis Bank,LOAN_FRAUD,9,Bank of Baroda,11,34,5,12
CMP00515,Jaipur,23559.21,1,Axis Bank,KYC_UPDATE,12,Indian Bank,7,69,6,15
CMP00516,Pune,39500.49,1,Yes Bank,LOAN_FRAUD,12,PNB,3,42,4,13
CMP00517,Kolkata,26995.47,1,Kotak Mahindra,KYC_UPDATE,2,Bank of Baroda,4,61,1,15
CMP00518,Hyderabad,27603.2,1,Yes Bank,IMPERSONATION,11,Bank of Baroda,15,54,6,4
CMP00519,Surat,31165.64,1,Kotak Mahindra,JOB_FRAUD,12,PNB,22,28,3,13
CMP00520,Mumbai,32870.59,1,Yes Bank,TECH_SUPPORT_SCAM,2,Bank of Baroda,1,67,1,18
CMP00521,Hyderabad,33584.97,1,Kotak Mahindra,LOAN_FRAUD,3,SBI,1,40,2,15
CMP00522,Mumbai,112636.27,2,Yes Bank,OTP_SCAM,2,Canara Bank,18,40,4,13
CMP00523,Surat,28437.45,1,Yes Bank,JOB_FRAUD,3,PNB,14,58,1,10
CMP00524,Patna,25815.89,1,Yes Bank,KYC_UPDATE,7,Bank of Baroda,17,6,5,8
CMP00525,Kolkata,156109.83,2,HDFC Bank,KYC_UPDATE,11,Indian Bank,17,16,5,14
CMP00526,Jaipur,129778.92,2,Yes Bank,INVESTMENT_SCAM,2,SBI,0,36,6,17
CMP00527,Lucknow,29658.92,1,Yes Bank,KYC_UPDATE,7,Canara Bank,0,44,3,14
CMP00528,Hyderabad,21414.07,1,HDFC Bank,IMPERSONATION,2,SBI,5,33,6,15
CMP00529,Delhi,12340.07,1,Yes Bank,LOTTERY_FRAUD,3,Canara Bank,12,13,2,12
CMP00530,Mumbai,137904.36,2,HDFC Bank,IMPERSONATION,4,PNB,15,66,6,14
CMP00531,Bengaluru,11156.26,1,Kotak Mahindra,OTP_SCAM,7,Indian Bank,20,30,0,16
CMP00532,Lucknow,13356.33,1,ICICI Bank,INVESTMENT_SCAM,10,Canara Bank,20,65,1,4
CMP00533,Lucknow,969081.69,4,ICICI Bank,TECH_SUPPORT_SCAM,9,PNB,17,58,0,18
CMP00534,Delhi,43579.51,1,HDFC Bank,LOTTERY_FRAUD,5,Bank of Baroda,12,45,6,13
CMP00535,Kolkata,25812.2,1,Yes Bank,OTP_SCAM,2,Indian Bank,3,18,5,13
CMP00536,Patna,708135.9,4,Yes Bank,INVESTMENT_SCAM,11,Canara Bank,22,58,2,15
CMP00537,Jaipur,306980.6,3,Yes Bank,INVESTMENT_SCAM,1,Canara Bank,0,61,0,5
CMP00538,Lucknow,45068.81,1,Kotak Mahindra,IMPERSONATION,9,Bank of Baroda,20,10,4,14
CMP00539,Bengaluru,43565.83,1,Kotak Mahindra,KYC_UPDATE,6,Indian Bank,22,2,0,14
CMP00540,Chennai,486256.82,3,HDFC Bank,OTP_SCAM,11,Canara Bank,2,39,6,7
CMP00541,Bengaluru,765574.41,4,HDFC Bank,JOB_FRAUD,8,Canara Bank,6,1,1,12
CMP00542,Hyderabad,17750.81,1,Yes Bank,KYC_UPDATE,8,Indian Bank,23,23,0,17
CMP00543,Hyderabad,91149.2,2,Yes Bank,LOTTERY_FRAUD,9,PNB,21,3,5,13
CMP00544,Delhi,49804.26,1,Kotak Mahindra,JOB_FRAUD,6,SBI,8,16,5,16
CMP00545,Surat,625928.23,4,ICICI Bank,OTP_SCAM,5,SBI,10,1,3,12
CMP00546,Surat,23168.99,1,Kotak Mahindra,INVESTMENT_SCAM,4,SBI,2,13,0,18
CMP00547,Chennai,866014.01,4,HDFC Bank,LOAN_FRAUD,4,Bank of Baroda,10,67,6,12
CMP00548,Pune,12427.48,1,Kotak Mahindra,KYC_UPDATE,2,Indian Bank,1,49,2,2
CMP00549,Delhi,114775.85,2,Kotak Mahindra,LOTTERY_FRAUD,5,SBI,3,8,4,12
CMP00550,Patna,143601.22,2,Kotak Mahindra,KYC_UPDATE,10,PNB,14,50,3,3
CMP00551,Pune,17699.25,1,HDFC Bank,TECH_SUPPORT_SCAM,9,Bank of Baroda,3,2,4,18
CMP00552,Patna,29255.97,1,ICICI Bank,INVESTMENT_SCAM,5,Indian Bank,19,57,1,18
CMP00553,Hyderabad,803498.91,4,Yes Bank,LOTTERY_FRAUD,9,Bank of Baroda,9,70,6,12
CMP00554,Hyderabad,37132.01,1,Axis Bank,TECH_SUPPORT_SCAM,9,SBI,1,31,4,17
CMP00555,Ahmedabad,80189.19,2,Axis Bank,OTP_SCAM,4,PNB,2,44,1,16
CMP00556,Patna,23144.76,1,Yes Bank,TECH_SUPPORT_SCAM,10,Canara Bank,3,59,6,15
CMP00557,Delhi,85852.86,2,ICICI Bank,INVESTMENT_SCAM,8,PNB,23,43,6,6
CMP00558,Kolkata,11200.7,1,HDFC Bank,IMPERSONATION,1,Canara Bank,3,19,2,18
CMP00559,Delhi,18757.8,1,HDFC Bank,TECH_SUPPORT_SCAM,4,PNB,8,23,2,7
CMP00560,Chennai,216795.01,3,HDFC Bank,LOTTERY_FRAUD,5,PNB,21,18,3,10
CMP00561,Hyderabad,149136.31,2,Kotak Mahindra,INVESTMENT_SCAM,6,PNB,16,56,5,18
CMP00562,Chennai,33981.97,1,Yes Bank,INVESTMENT_SCAM,12,Bank of Baroda,20,32,0,18
CMP00563,Lucknow,35178.37,1,Axis Bank,INVESTMENT_SCAM,6,PNB,8,17,6,17
CMP00564,Surat,75115.03,2,HDFC Bank,INVESTMENT_SCAM,11,Bank of Baroda,12,66,2,15
CMP00565,Surat,48230.08,1,Axis Bank,TECH_SUPPORT_SCAM,12,Indian Bank,15,35,4,14
CMP00566,Chennai,22239.96,1,ICICI Bank,INVESTMENT_SCAM,4,Bank of Baroda,12,21,6,17
CMP00567,Mumbai,33358.49,1,Axis Bank,LOTTERY_FRAUD,9,Bank of Baroda,14,66,4,12
CMP00568,Ahmedabad,10988.73,1,Axis Bank,IMPERSONATION,6,Bank of Baroda,14,30,2,15
CMP00569,Lucknow,21057.0,1,Yes Bank,LOAN_FRAUD,11,Indian Bank,7,13,0,12
CMP00570,Chennai,165272.43,2,Axis Bank,TECH_SUPPORT_SCAM,5,Canara Bank,8,25,5,15
CMP00571,Hyderabad,857489.05,4,Axis Bank,OTP_SCAM,7,Canara Bank,20,2,3,12
CMP00572,Chennai,41438.99,1,ICICI Bank,INVESTMENT_SCAM,4,Bank of Baroda,14,60,2,10
CMP00573,Ahmedabad,32337.87,1,Kotak Mahindra,INVESTMENT_SCAM,8,PNB,11,18,4,9
CMP00574,Jaipur,37430.51,1,Axis Bank,OTP_SCAM,4,Canara Bank,12,69,2,12
CMP00575,Kolkata,187062.83,2,Axis Bank,LOTTERY_FRAUD,11,Indian Bank,18,51,3,12
CMP00576,Chennai,28061.41,1,Kotak Mahindra,IMPERSONATION,6,SBI,9,12,1,5
CMP00577,Surat,12779.64,1,Yes Bank,OTP_SCAM,1,Bank of Baroda,12,37,1,16
CMP00578,Delhi,44388.29,1,Axis Bank,JOB_FRAUD,1,Indian Bank,13,51,1,4
CMP00579,Jaipur,18227.08,1,HDFC Bank,IMPERSONATION,4,Bank of Baroda,13,61,1,15
CMP00580,Hyderabad,42983.3,1,ICICI Bank,JOB_FRAUD,3,SBI,19,32,4,13
CMP00581,Jaipur,35851.97,1,Yes Bank,JOB_FRAUD,12,SBI,14,45,5,9
CMP00582,Patna,34709.46,1,ICICI Bank,IMPERSONATION,4,Bank of Baroda,13,59,3,5
CMP00583,Ahmedabad,35123.33,1,HDFC Bank,KYC_UPDATE,3,PNB,9,9,5,6
CMP00584,Ahmedabad,14208.98,1,Yes Bank,JOB_FRAUD,6,SBI,10,53,3,18
CMP00585,Delhi,25973.67,1,HDFC Bank,JOB_FRAUD,7,Bank of Baroda,6,51,0,18
CMP00586,Pune,31937.14,1,Kotak Mahindra,TECH_SUPPORT_SCAM,8,Bank of Baroda,7,57,1,18
CMP00587,Delhi,31386.15,1,Yes Bank,LOTTERY_FRAUD,3,SBI,12,22,0,8
CMP00588,Jaipur,183903.16,2,Axis Bank,LOTTERY_FRAUD,4,PNB,17,28,3,13
CMP00589,Surat,11946.59,1,Axis Bank,IMPERSONATION,1,Bank of Baroda,12,26,1,14
CMP00590,Delhi,17686.07,1,Kotak Mahindra,KYC_UPDATE,1,SBI,21,9,1,3
CMP00591,Surat,42624.97,1,ICICI Bank,LOTTERY_FRAUD,7,SBI,10,72,5,17
CMP00592,Ahmedabad,22934.71,1,HDFC Bank,IMPERSONATION,4,PNB,0,52,5,15
CMP00593,Chennai,56590.84,2,HDFC Bank,JOB_FRAUD,11,Canara Bank,6,53,2,15
CMP00594,Surat,13789.78,1,Yes Bank,KYC_UPDATE,3,Indian Bank,10,50,5,4
CMP00595,Kolkata,34341.33,1,Axis Bank,TECH_SUPPORT_SCAM,2,Bank of Baroda,18,58,3,14
CMP00596,Chennai,39516.53,1,HDFC Bank,OTP_SCAM,2,Indian Bank,7,11,0,13
CMP00597,Kolkata,46936.37,1,Kotak Mahindra,INVESTMENT_SCAM,11,PNB,19,57,5,4
CMP00598,Bengaluru,93268.27,2,HDFC Bank,LOAN_FRAUD,7,Indian Bank,0,30,6,10
CMP00599,Chennai,841161.45,4,Yes Bank,INVESTMENT_SCAM,11,SBI,22,29,4,16
CMP00600,Kolkata,60497.74,2,Kotak Mahindra,TECH_SUPPORT_SCAM,2,SBI,6,7,5,6
CMP00601,Mumbai,189771.9,2,ICICI Bank,LOTTERY_FRAUD,9,Indian Bank,7,65,0,12
CMP00602,Surat,19958.78,1,ICICI Bank,LOTTERY_FRAUD,7,PNB,9,58,5,12
CMP00603,Ahmedabad,30211.7,1,Kotak Mahindra,TECH_SUPPORT_SCAM,8,PNB,23,56,6,18
CMP00604,Ahmedabad,32114.09,1,HDFC Bank,IMPERSONATION,10,Canara Bank,5,33,3,15
CMP00605,Lucknow,38594.53,1,Yes Bank,IMPERSONATION,2,Bank of Baroda,6,20,1,11
CMP00606,Ahmedabad,29582.04,1,Kotak Mahindra,JOB_FRAUD,12,Bank of Baroda,20,10,3,3
CMP00607,Patna,817016.3,4,ICICI Bank,IMPERSONATION,7,PNB,23,45,4,11
CMP00608,Pune,29109.02,1,Kotak Mahindra,OTP_SCAM,12,Bank of Baroda,11,4,5,12
CMP00609,Pune,192766.74,2,ICICI Bank,JOB_FRAUD,4,Canara Bank,5,2,0,12
CMP00610,Surat,900804.93,4,Yes Bank,IMPERSONATION,9,SBI,5,55,2,17
CMP00611,Patna,66391.11,2,Axis Bank,IMPERSONATION,12,Bank of Baroda,18,45,6,6
CMP00612,Surat,50236.79,2,Axis Bank,IMPERSONATION,3,SBI,2,54,4,15
CMP00613,Kolkata,29458.85,1,Axis Bank,LOTTERY_FRAUD,12,PNB,16,15,3,5
CMP00614,Delhi,897292.44,4,ICICI Bank,INVESTMENT_SCAM,5,PNB,14,14,6,18
CMP00615,Ahmedabad,33425.86,1,HDFC Bank,KYC_UPDATE,2,Canara Bank,15,63,5,0
CMP00616,Hyderabad,30893.38,1,HDFC Bank,OTP_SCAM,1,Indian Bank,0,49,4,13
CMP00617,Bengaluru,45606.09,1,Yes Bank,JOB_FRAUD,6,Bank of Baroda,10,31,2,16
CMP00618,Bengaluru,110271.25,2,HDFC Bank,TECH_SUPPORT_SCAM,8,SBI,4,4,4,14
CMP00619,Bengaluru,121279.91,2,Kotak Mahindra,INVESTMENT_SCAM,11,Indian Bank,13,25,0,10
CMP00620,Pune,27772.25,1,Axis Bank,OTP_SCAM,12,SBI,19,63,3,2
CMP00621,Ahmedabad,34286.95,1,Kotak Mahindra,TECH_SUPPORT_SCAM,12,SBI,22,19,6,14
CMP00622,Jaipur,989775.69,4,HDFC Bank,LOTTERY_FRAUD,11,Canara Bank,14,22,3,15
CMP00623,Chennai,65820.45,2,ICICI Bank,INVESTMENT_SCAM,11,PNB,22,4,1,10
CMP00624,Hyderabad,45900.44,1,ICICI Bank,IMPERSONATION,11,Canara Bank,3,18,4,15
CMP00625,Chennai,106551.55,2,Yes Bank,TECH_SUPPORT_SCAM,2,Indian Bank,22,49,5,14
CMP00626,Chennai,13565.58,1,Axis Bank,INVESTMENT_SCAM,5,SBI,23,25,5,18
CMP00627,Kolkata,96619.84,2,Axis Bank,TECH_SUPPORT_SCAM,10,Bank of Baroda,18,69,1,13
CMP00628,Bengaluru,83321.23,2,ICICI Bank,TECH_SUPPORT_SCAM,11,Indian Bank,12,2,4,10
CMP00629,Hyderabad,34058.62,1,ICICI Bank,LOTTERY_FRAUD,11,Bank of Baroda,4,5,4,13
CMP00630,Surat,124253.83,2,Yes Bank,LOAN_FRAUD,11,Bank of Baroda,22,49,0,10
CMP00631,Surat,188473.68,2,ICICI Bank,LOTTERY_FRAUD,12,PNB,5,63,5,13
CMP00632,Lucknow,198547.14,2,Kotak Mahindra,OTP_SCAM,7,Canara Bank,12,51,0,13
CMP00633,Surat,40090.66,1,Yes Bank,INVESTMENT_SCAM,2,Bank of Baroda,18,7,6,9
CMP00634,Pune,29297.67,1,ICICI Bank,JOB_FRAUD,3,Indian Bank,4,27,1,6
CMP00635,Bengaluru,178764.61,2,Yes Bank,OTP_SCAM,11,SBI,12,55,5,1
CMP00636,Bengaluru,30617.41,1,Kotak Mahindra,KYC_UPDATE,1,PNB,10,56,1,15
CMP00637,Mumbai,33846.22,1,ICICI Bank,OTP_SCAM,8,Bank of Baroda,5,49,6,16
CMP00638,Pune,105098.46,2,Kotak Mahindra,JOB_FRAUD,11,Canara Bank,3,15,0,13
CMP00639,Patna,39814.37,1,Yes Bank,OTP_SCAM,8,Indian Bank,18,24,3,16
CMP00640,Patna,46355.22,1,ICICI Bank,LOAN_FRAUD,6,SBI,17,24,3,0
CMP00641,Lucknow,43485.76,1,Yes Bank,IMPERSONATION,8,Indian Bank,17,16,6,3
CMP00642,Patna,22571.84,1,ICICI Bank,LOTTERY_FRAUD,9,SBI,1,17,4,2
CMP00643,Delhi,48651.05,1,HDFC Bank,LOAN_FRAUD,9,SBI,5,55,5,13
CMP00644,Pune,37804.06,1,Yes Bank,LOAN_FRAUD,3,Bank of Baroda,16,46,4,12
CMP00645,Chennai,43305.11,1,HDFC Bank,OTP_SCAM,3,PNB,4,71,1,13
CMP00646,Mumbai,46146.4,1,Yes Bank,IMPERSONATION,5,Canara Bank,12,59,0,13
CMP00647,Lucknow,199303.89,2,ICICI Bank,LOTTERY_FRAUD,11,SBI,22,25,5,13
CMP00648,Kolkata,34144.29,1,Axis Bank,IMPERSONATION,7,Bank of Baroda,2,35,0,17
CMP00649,Mumbai,822456.76,4,Axis Bank,IMPERSONATION,6,SBI,4,29,2,15
CMP00650,Mumbai,95982.43,2,HDFC Bank,IMPERSONATION,9,PNB,15,13,4,9
CMP00651,Patna,40074.92,1,HDFC Bank,LOAN_FRAUD,3,SBI,5,45,6,17
CMP00652,Jaipur,30542.62,1,Yes Bank,IMPERSONATION,5,PNB,4,17,1,8
CMP00653,Surat,156018.01,2,Axis Bank,OTP_SCAM,11,PNB,5,57,2,16
CMP00654,Hyderabad,172103.49,2,Kotak Mahindra,LOAN_FRAUD,12,Indian Bank,9,12,2,13
CMP00655,Mumbai,13383.4,1,ICICI Bank,KYC_UPDATE,3,SBI,9,71,3,0
CMP00656,Pune,37404.87,1,Yes Bank,IMPERSONATION,8,PNB,21,69,5,14
CMP00657,Surat,49768.88,1,Kotak Mahindra,OTP_SCAM,12,Indian Bank,21,68,5,16
CMP00658,Pune,43576.36,1,Yes Bank,LOTTERY_FRAUD,3,PNB,16,46,0,12
CMP00659,Mumbai,178670.92,2,Axis Bank,TECH_SUPPORT_SCAM,9,PNB,9,39,3,15
CMP00660,Chennai,913995.13,4,Axis Bank,IMPERSONATION,1,Indian Bank,15,8,2,15
CMP00661,Bengaluru,77923.66,2,HDFC Bank,LOAN_FRAUD,6,SBI,11,2,0,12
CMP00662,Ahmedabad,36265.34,1,HDFC Bank,LOTTERY_FRAUD,1,Bank of Baroda,7,61,3,12
CMP00663,Lucknow,115903.51,2,Axis Bank,LOTTERY_FRAUD,8,SBI,4,46,5,12
CMP00664,Chennai,39756.96,1,Axis Bank,KYC_UPDATE,3,SBI,1,21,5,15
CMP00665,Ahmedabad,157148.14,2,Kotak Mahindra,KYC_UPDATE,8,Indian Bank,10,52,4,12
CMP00666,Mumbai,30000.04,1,HDFC Bank,LOTTERY_FRAUD,3,SBI,21,31,0,12
CMP00667,Ahmedabad,40436.0,1,Kotak Mahindra,OTP_SCAM,5,Canara Bank,7,20,5,12
CMP00668,Hyderabad,41308.68,1,ICICI Bank,KYC_UPDATE,4,Bank of Baroda,3,65,4,17
CMP00669,Mumbai,17687.1,1,ICICI Bank,INVESTMENT_SCAM,1,Bank of Baroda,4,55,0,18
CMP00670,Ahmedabad,84714.15,2,Yes Bank,IMPERSONATION,12,Canara Bank,10,55,3,15
CMP00671,Mumbai,769268.48,4,Axis Bank,LOAN_FRAUD,5,Canara Bank,7,41,0,12
CMP00672,Chennai,280609.36,3,Axis Bank,TECH_SUPPORT_SCAM,5,Bank of Baroda,5,33,3,18
CMP00673,Pune,39651.68,1,HDFC Bank,KYC_UPDATE,3,Indian Bank,11,68,4,17
CMP00674,Patna,39703.5,1,Kotak Mahindra,INVESTMENT_SCAM,2,SBI,3,6,4,6
CMP00675,Surat,695208.3,4,Kotak Mahindra,INVESTMENT_SCAM,2,SBI,9,61,6,17
CMP00676,Kolkata,183738.0,2,ICICI Bank,OTP_SCAM,9,Bank of Baroda,17,45,2,16
CMP00677,Mumbai,603095.54,4,Kotak Mahindra,IMPERSONATION,9,Bank of Baroda,0,22,4,14
CMP00678,Patna,124253.89,2,HDFC Bank,OTP_SCAM,12,PNB,17,66,0,16
CMP00679,Ahmedabad,16400.12,1,Yes Bank,IMPERSONATION,4,Canara Bank,6,2,6,16
CMP00680,Hyderabad,14764.14,1,ICICI Bank,LOAN_FRAUD,12,Canara Bank,7,6,4,12
CMP00681,Kolkata,991629.02,4,Axis Bank,LOAN_FRAUD,11,SBI,6,69,0,13
CMP00682,Mumbai,45933.43,1,Yes Bank,TECH_SUPPORT_SCAM,12,Canara Bank,9,42,0,15
CMP00683,Surat,629910.96,4,Axis Bank,INVESTMENT_SCAM,5,PNB,18,14,5,12
CMP00684,Pune,83095.86,2,Yes Bank,LOAN_FRAUD,4,Indian Bank,8,27,4,13
CMP00685,Chennai,274952.85,3,Kotak Mahindra,JOB_FRAUD,3,Canara Bank,5,59,1,5
CMP00686,Patna,22406.41,1,Kotak Mahindra,INVESTMENT_SCAM,11,PNB,5,51,5,18
CMP00687,Ahmedabad,280187.04,3,ICICI Bank,KYC_UPDATE,11,Bank of Baroda,16,18,5,0
CMP00688,Ahmedabad,164516.86,2,Kotak Mahindra,KYC_UPDATE,2,SBI,20,6,1,14
CMP00689,Pune,285071.16,3,Yes Bank,LOTTERY_FRAUD,1,SBI,23,44,6,6
CMP00690,Jaipur,29156.34,1,Yes Bank,LOTTERY_FRAUD,3,Bank of Baroda,7,8,4,13
CMP00691,Delhi,45458.27,1,HDFC Bank,OTP_SCAM,5,Indian Bank,13,19,0,0
CMP00692,Ahmedabad,83882.66,2,Kotak Mahindra,INVESTMENT_SCAM,6,PNB,21,50,5,3
CMP00693,Kolkata,425451.42,3,HDFC Bank,JOB_FRAUD,2,PNB,2,43,0,18
CMP00694,Kolkata,37177.33,1,Kotak Mahindra,LOTTERY_FRAUD,6,Indian Bank,4,39,4,11
CMP00695,Hyderabad,156696.0,2,Kotak Mahindra,KYC_UPDATE,5,Canara Bank,2,1,6,4
CMP00696,Bengaluru,167831.91,2,ICICI Bank,LOTTERY_FRAUD,8,Bank of Baroda,15,9,0,13
CMP00697,Mumbai,102891.31,2,Axis Bank,LOTTERY_FRAUD,3,PNB,15,55,3,12
CMP00698,Pune,31549.89,1,ICICI Bank,LOTTERY_FRAUD,7,Bank of Baroda,15,69,4,12
CMP00699,Patna,171693.81,2,Kotak Mahindra,KYC_UPDATE,10,Indian Bank,7,12,1,14
CMP00700,Lucknow,23973.9,1,Kotak Mahindra,TECH_SUPPORT_SCAM,2,PNB,4,38,3,14
CMP00701,Chennai,48482.08,1,ICICI Bank,INVESTMENT_SCAM,12,SBI,22,19,3,13
CMP00702,Delhi,33757.03,1,HDFC Bank,TECH_SUPPORT_SCAM,2,Indian Bank,5,4,1,15
CMP00703,Delhi,120464.71,2,Yes Bank,KYC_UPDATE,3,Bank of Baroda,4,68,5,15
CMP00704,Surat,93015.36,2,Axis Bank,IMPERSONATION,11,Bank of Baroda,4,8,5,14
CMP00705,Ahmedabad,88708.15,2,Kotak Mahindra,OTP_SCAM,9,Bank of Baroda,18,65,2,13
CMP00706,Hyderabad,300106.68,3,HDFC Bank,LOTTERY_FRAUD,7,Indian Bank,6,52,4,12
CMP00707,Surat,110764.98,2,Kotak Mahindra,KYC_UPDATE,6,Bank of Baroda,12,22,0,13
CMP00708,Hyderabad,41151.89,1,HDFC Bank,INVESTMENT_SCAM,2,SBI,10,4,1,17
CMP00709,Chennai,18069.04,1,Yes Bank,KYC_UPDATE,5,SBI,1,31,2,17
CMP00710,Delhi,206782.98,3,HDFC Bank,JOB_FRAUD,2,Canara Bank,11,37,3,16
CMP00711,Kolkata,125536.76,2,HDFC Bank,TECH_SUPPORT_SCAM,7,Canara Bank,16,20,0,18
CMP00712,Hyderabad,45408.15,1,ICICI Bank,OTP_SCAM,11,PNB,2,30,1,4
CMP00713,Lucknow,40745.45,1,Yes Bank,LOTTERY_FRAUD,11,Indian Bank,14,17,2,13
CMP00714,Surat,685501.64,4,Kotak Mahindra,OTP_SCAM,4,PNB,4,64,0,4
CMP00715,Lucknow,16788.71,1,HDFC Bank,LOAN_FRAUD,2,Bank of Baroda,9,21,0,13
CMP00716,Mumbai,982787.01,4,ICICI Bank,KYC_UPDATE,5,Bank of Baroda,14,18,0,15
CMP00717,Bengaluru,187571.02,2,Axis Bank,OTP_SCAM,7,Bank of Baroda,4,57,2,16
CMP00718,Mumbai,45021.46,1,Kotak Mahindra,TECH_SUPPORT_SCAM,8,Indian Bank,21,6,4,1
CMP00719,Surat,93599.09,2,Yes Bank,INVESTMENT_SCAM,3,SBI,5,52,6,15
CMP00720,Bengaluru,42731.59,1,Kotak Mahindra,KYC_UPDATE,11,Bank of Baroda,3,11,1,12
CMP00721,Chennai,49857.53,1,Kotak Mahindra,IMPERSONATION,2,Canara Bank,15,28,5,3
CMP00722,Jaipur,316411.04,3,HDFC Bank,LOAN_FRAUD,3,Indian Bank,6,41,4,12
CMP00723,Bengaluru,44720.82,1,Kotak Mahindra,OTP_SCAM,4,Bank of Baroda,21,55,2,12
CMP00724,Mumbai,38488.27,1,Axis Bank,LOTTERY_FRAUD,2,Bank of Baroda,13,68,1,12
CMP00725,Mumbai,23971.05,1,Kotak Mahindra,OTP_SCAM,5,Canara Bank,13,62,3,12
CMP00726,Surat,45751.17,1,Yes Bank,TECH_SUPPORT_SCAM,1,Bank of Baroda,6,10,5,14
CMP00727,Pune,190072.91,2,Axis Bank,TECH_SUPPORT_SCAM,3,SBI,15,41,0,13
CMP00728,Lucknow,145837.46,2,HDFC Bank,LOAN_FRAUD,3,Bank of Baroda,18,13,0,12
CMP00729,Patna,17646.36,1,Kotak Mahindra,LOTTERY_FRAUD,6,PNB,21,2,2,0
CMP00730,Hyderabad,49961.93,1,Yes Bank,LOAN_FRAUD,12,SBI,13,53,2,13
CMP00731,Mumbai,32110.14,1,ICICI Bank,TECH_SUPPORT_SCAM,7,Bank of Baroda,5,70,3,14
CMP00732,Surat,65571.81,2,Yes Bank,LOAN_FRAUD,2,SBI,20,3,4,3
CMP00733,Surat,125504.23,2,Yes Bank,JOB_FRAUD,2,Indian Bank,1,38,6,18
CMP00734,Mumbai,41750.05,1,ICICI Bank,IMPERSONATION,2,Bank of Baroda,14,53,6,12
CMP00735,Bengaluru,36347.27,1,ICICI Bank,OTP_SCAM,5,Indian Bank,9,54,5,13
CMP00736,Delhi,139991.85,2,ICICI Bank,OTP_SCAM,9,Canara Bank,10,22,4,7
CMP00737,Chennai,136678.04,2,Yes Bank,IMPERSONATION,1,Bank of Baroda,4,50,5,15
CMP00738,Chennai,33077.35,1,HDFC Bank,IMPERSONATION,9,PNB,12,34,6,15
CMP00739,Mumbai,138993.23,2,HDFC Bank,KYC_UPDATE,1,Bank of Baroda,0,70,0,14
CMP00740,Pune,83263.28,2,Axis Bank,JOB_FRAUD,4,PNB,6,69,6,16
CMP00741,Hyderabad,49391.91,1,HDFC Bank,OTP_SCAM,11,PNB,3,15,3,3
CMP00742,Kolkata,29769.8,1,Axis Bank,KYC_UPDATE,3,Canara Bank,11,27,3,14
CMP00743,Jaipur,45588.54,1,HDFC Bank,KYC_UPDATE,11,PNB,20,58,6,15
CMP00744,Pune,23712.42,1,Yes Bank,LOTTERY_FRAUD,1,Indian Bank,11,62,4,5
CMP00745,Mumbai,30719.8,1,ICICI Bank,LOAN_FRAUD,1,Indian Bank,4,28,6,12
CMP00746,Kolkata,68987.04,2,ICICI Bank,TECH_SUPPORT_SCAM,12,SBI,8,62,1,11
CMP00747,Jaipur,937878.48,4,Kotak Mahindra,LOAN_FRAUD,9,Bank of Baroda,8,23,1,8
CMP00748,Mumbai,18233.27,1,Yes Bank,IMPERSONATION,5,Indian Bank,23,63,3,13
CMP00749,Bengaluru,17988.83,1,Yes Bank,LOAN_FRAUD,10,SBI,11,48,5,14
CMP00750,Delhi,34155.28,1,Yes Bank,LOTTERY_FRAUD,10,Canara Bank,20,68,2,5
CMP00751,Ahmedabad,36278.18,1,ICICI Bank,TECH_SUPPORT_SCAM,4,Canara Bank,11,19,6,15
CMP00752,Surat,22862.45,1,Axis Bank,OTP_SCAM,8,PNB,7,72,0,16
CMP00753,Mumbai,182504.02,2,Yes Bank,INVESTMENT_SCAM,12,Canara Bank,21,10,4,13
CMP00754,Bengaluru,29757.37,1,Axis Bank,IMPERSONATION,4,PNB,1,36,3,15
CMP00755,Patna,10713.45,1,Kotak Mahindra,TECH_SUPPORT_SCAM,10,PNB,18,1,3,18
CMP00756,Bengaluru,42100.53,1,HDFC Bank,OTP_SCAM,8,SBI,23,39,2,13
CMP00757,Lucknow,21937.75,1,Axis Bank,KYC_UPDATE,10,Bank of Baroda,14,64,6,14
CMP00758,Delhi,49741.61,1,ICICI Bank,KYC_UPDATE,1,SBI,22,56,1,14
CMP00759,Surat,47885.79,1,HDFC Bank,OTP_SCAM,1,Canara Bank,2,34,2,13
CMP00760,Kolkata,44475.8,1,Yes Bank,LOTTERY_FRAUD,2,Bank of Baroda,18,53,5,16
CMP00761,Patna,39234.58,1,Kotak Mahindra,INVESTMENT_SCAM,5,Bank of Baroda,7,12,2,2
CMP00762,Lucknow,48870.61,1,ICICI Bank,TECH_SUPPORT_SCAM,12,PNB,1,28,0,18
CMP00763,Jaipur,164240.38,2,HDFC Bank,INVESTMENT_SCAM,4,Canara Bank,16,41,6,14
CMP00764,Lucknow,508460.6,4,HDFC Bank,LOTTERY_FRAUD,4,PNB,14,66,1,6
CMP00765,Hyderabad,44793.26,1,Kotak Mahindra,KYC_UPDATE,11,PNB,20,14,1,14
CMP00766,Delhi,36475.42,1,Kotak Mahindra,INVESTMENT_SCAM,5,PNB,14,46,2,17
CMP00767,Ahmedabad,30317.07,1,ICICI Bank,TECH_SUPPORT_SCAM,7,PNB,1,57,2,15
CMP00768,Chennai,21037.03,1,Axis Bank,IMPERSONATION,7,PNB,19,64,4,1
CMP00769,Mumbai,136284.58,2,ICICI Bank,INVESTMENT_SCAM,1,SBI,7,9,4,18
CMP00770,Ahmedabad,153752.57,2,HDFC Bank,IMPERSONATION,12,PNB,15,27,1,11
CMP00771,Surat,17403.15,1,Yes Bank,LOAN_FRAUD,12,Canara Bank,22,62,5,7
CMP00772,Bengaluru,28208.65,1,HDFC Bank,LOTTERY_FRAUD,3,PNB,0,61,3,8
CMP00773,Kolkata,666527.09,4,HDFC Bank,KYC_UPDATE,6,Indian Bank,15,32,3,14
CMP00774,Lucknow,64998.87,2,Yes Bank,INVESTMENT_SCAM,3,PNB,23,43,3,15
CMP00775,Hyderabad,95170.1,2,Axis Bank,JOB_FRAUD,1,Bank of Baroda,10,67,6,13
CMP00776,Hyderabad,885012.42,4,Yes Bank,KYC_UPDATE,3,SBI,21,19,2,14
CMP00777,Chennai,194817.96,2,HDFC Bank,TECH_SUPPORT_SCAM,7,PNB,20,70,3,16
CMP00778,Hyderabad,47810.66,1,Axis Bank,LOTTERY_FRAUD,7,Canara Bank,8,40,1,13
CMP00779,Ahmedabad,48778.8,1,Kotak Mahindra,KYC_UPDATE,6,Indian Bank,15,19,3,17
CMP00780,Hyderabad,52338.86,2,Kotak Mahindra,LOTTERY_FRAUD,2,Canara Bank,1,28,2,3
CMP00781,Jaipur,43364.4,1,Axis Bank,OTP_SCAM,7,SBI,1,33,1,13
CMP00782,Surat,33408.99,1,Axis Bank,KYC_UPDATE,12,PNB,2,38,1,15
CMP00783,Ahmedabad,677631.03,4,Kotak Mahindra,IMPERSONATION,5,SBI,5,56,5,18
CMP00784,Pune,17980.93,1,ICICI Bank,LOTTERY_FRAUD,3,Canara Bank,9,11,2,13
CMP00785,Ahmedabad,37765.34,1,Kotak Mahindra,LOTTERY_FRAUD,3,SBI,16,46,3,12
CMP00786,Jaipur,536734.9,4,HDFC Bank,IMPERSONATION,1,Indian Bank,4,39,6,11
CMP00787,Patna,43804.29,1,Yes Bank,LOTTERY_FRAUD,5,Indian Bank,4,52,5,13
CMP00788,Mumbai,33773.59,1,HDFC Bank,OTP_SCAM,11,Canara Bank,9,62,5,12
CMP00789,Surat,48691.14,1,ICICI Bank,OTP_SCAM,3,Indian Bank,4,29,5,12
CMP00790,Surat,67206.33,2,HDFC Bank,LOAN_FRAUD,10,Bank of Baroda,0,20,4,16
CMP00791,Chennai,30232.18,1,ICICI Bank,KYC_UPDATE,8,SBI,12,8,0,15
CMP00792,Lucknow,36326.37,1,Axis Bank,INVESTMENT_SCAM,11,Indian Bank,3,56,1,18
CMP00793,Kolkata,21601.45,1,Yes Bank,INVESTMENT_SCAM,4,Indian Bank,21,13,4,17
CMP00794,Ahmedabad,72224.98,2,HDFC Bank,IMPERSONATION,7,Bank of Baroda,9,59,0,14
CMP00795,Pune,483781.5,3,Yes Bank,OTP_SCAM,1,Bank of Baroda,4,60,5,12
CMP00796,Lucknow,620044.52,4,Yes Bank,TECH_SUPPORT_SCAM,6,PNB,16,9,1,18
CMP00797,Surat,25757.15,1,ICICI Bank,JOB_FRAUD,11,Canara Bank,20,62,3,5
CMP00798,Kolkata,34699.0,1,Axis Bank,LOAN_FRAUD,10,Indian Bank,12,9,0,5
CMP00799,Mumbai,40396.37,1,HDFC Bank,INVESTMENT_SCAM,11,Bank of Baroda,23,31,0,5
CMP00800,Ahmedabad,11496.73,1,HDFC Bank,IMPERSONATION,10,SBI,23,10,3,0
CMP00801,Bengaluru,35495.83,1,HDFC Bank,LOTTERY_FRAUD,7,Bank of Baroda,17,26,1,12
CMP00802,Chennai,78844.37,2,ICICI Bank,INVESTMENT_SCAM,9,Bank of Baroda,18,4,5,3
CMP00803,Delhi,135244.25,2,ICICI Bank,INVESTMENT_SCAM,6,SBI,2,44,1,17
CMP00804,Chennai,34739.15,1,Yes Bank,INVESTMENT_SCAM,9,Bank of Baroda,17,18,6,15
CMP00805,Patna,14717.1,1,HDFC Bank,KYC_UPDATE,9,PNB,7,7,4,14
CMP00806,Hyderabad,73679.45,2,Kotak Mahindra,LOAN_FRAUD,2,Canara Bank,9,10,4,16
CMP00807,Ahmedabad,66631.17,2,Yes Bank,LOAN_FRAUD,9,SBI,15,34,5,13
CMP00808,Chennai,42670.5,1,Axis Bank,LOAN_FRAUD,3,SBI,10,8,1,1
CMP00809,Mumbai,62089.02,2,Kotak Mahindra,TECH_SUPPORT_SCAM,12,Indian Bank,17,62,1,15
CMP00810,Jaipur,29103.7,1,Yes Bank,OTP_SCAM,11,PNB,7,3,0,12
CMP00811,Lucknow,154316.08,2,Kotak Mahindra,OTP_SCAM,7,SBI,13,55,4,13
CMP00812,Bengaluru,390536.17,3,ICICI Bank,TECH_SUPPORT_SCAM,7,Canara Bank,2,2,1,14
CMP00813,Surat,27542.24,1,ICICI Bank,OTP_SCAM,2,SBI,9,6,2,16
CMP00814,Kolkata,148488.54,2,Yes Bank,LOAN_FRAUD,8,Bank of Baroda,2,33,4,11
CMP00815,Jaipur,36145.75,1,Axis Bank,INVESTMENT_SCAM,9,Canara Bank,16,35,2,17
CMP00816,Bengaluru,18142.2,1,Kotak Mahindra,OTP_SCAM,8,Indian Bank,4,67,1,16
CMP00817,Bengaluru,147486.21,2,ICICI Bank,KYC_UPDATE,4,SBI,14,15,0,14
CMP00818,Patna,44182.97,1,Kotak Mahindra,LOAN_FRAUD,2,Canara Bank,12,64,0,12
CMP00819,Delhi,27243.4,1,ICICI Bank,JOB_FRAUD,7,PNB,1,40,0,16
CMP00820,Hyderabad,43169.58,1,Yes Bank,TECH_SUPPORT_SCAM,1,PNB,13,55,6,1
CMP00821,Lucknow,32904.1,1,Kotak Mahindra,KYC_UPDATE,9,Canara Bank,18,67,2,15
CMP00822,Kolkata,268429.49,3,HDFC Bank,INVESTMENT_SCAM,11,Canara Bank,7,70,2,15
CMP00823,Bengaluru,141199.88,2,Axis Bank,LOAN_FRAUD,11,Canara Bank,3,40,4,13
CMP00824,Jaipur,48635.42,1,HDFC Bank,JOB_FRAUD,1,Bank of Baroda,15,72,1,13
CMP00825,Patna,20320.28,1,Yes Bank,LOAN_FRAUD,2,Canara Bank,8,34,6,12
CMP00826,Patna,77638.32,2,HDFC Bank,LOTTERY_FRAUD,2,PNB,16,57,4,13
CMP00827,Surat,178623.55,2,Axis Bank,OTP_SCAM,1,Canara Bank,11,70,5,12
CMP00828,Mumbai,19479.15,1,Yes Bank,KYC_UPDATE,2,Bank of Baroda,10,48,6,13
CMP00829,Pune,34278.67,1,Kotak Mahindra,KYC_UPDATE,3,Canara Bank,11,43,3,11
CMP00830,Hyderabad,21634.91,1,Yes Bank,JOB_FRAUD,3,SBI,4,4,0,16
CMP00831,Ahmedabad,107163.45,2,Yes Bank,INVESTMENT_SCAM,11,SBI,20,11,0,7
CMP00832,Lucknow,148879.66,2,HDFC Bank,IMPERSONATION,1,Indian Bank,16,57,2,9
CMP00833,Bengaluru,39927.53,1,ICICI Bank,INVESTMENT_SCAM,4,Canara Bank,3,31,3,13
CMP00834,Mumbai,24491.88,1,Axis Bank,TECH_SUPPORT_SCAM,9,Indian Bank,15,30,3,7
CMP00835,Lucknow,15525.61,1,ICICI Bank,LOTTERY_FRAUD,11,Bank of Baroda,8,37,2,13
CMP00836,Lucknow,165896.75,2,ICICI Bank,IMPERSONATION,8,Indian Bank,5,59,0,15
CMP00837,Surat,53589.72,2,HDFC Bank,JOB_FRAUD,1,PNB,5,10,1,13
CMP00838,Bengaluru,38479.34,1,ICICI Bank,IMPERSONATION,12,Bank of Baroda,3,44,6,18
CMP00839,Surat,959935.24,4,HDFC Bank,KYC_UPDATE,12,SBI,13,58,5,9
CMP00840,Surat,187451.28,2,ICICI Bank,JOB_FRAUD,12,PNB,16,11,1,18
CMP00841,Pune,30346.69,1,Kotak Mahindra,TECH_SUPPORT_SCAM,6,Bank of Baroda,18,36,6,18
CMP00842,Delhi,43762.62,1,Yes Bank,TECH_SUPPORT_SCAM,9,Indian Bank,13,37,2,15
CMP00843,Surat,45183.35,1,ICICI Bank,OTP_SCAM,9,Bank of Baroda,10,13,2,12
CMP00844,Jaipur,46707.72,1,Kotak Mahindra,LOAN_FRAUD,3,PNB,19,14,1,12
CMP00845,Lucknow,11589.8,1,Yes Bank,INVESTMENT_SCAM,1,PNB,17,69,6,15
CMP00846,Chennai,128134.08,2,Axis Bank,TECH_SUPPORT_SCAM,7,Indian Bank,14,38,0,3
CMP00847,Ahmedabad,198961.59,2,Kotak Mahindra,JOB_FRAUD,2,Canara Bank,23,15,2,7
CMP00848,Bengaluru,35224.96,1,ICICI Bank,KYC_UPDATE,6,Indian Bank,16,10,5,14
CMP00849,Surat,149169.56,2,Yes Bank,KYC_UPDATE,4,Canara Bank,20,5,5,14
CMP00850,Chennai,42554.75,1,ICICI Bank,IMPERSONATION,8,Canara Bank,23,64,2,2
CMP00851,Delhi,18341.88,1,Kotak Mahindra,INVESTMENT_SCAM,8,SBI,5,5,3,17
CMP00852,Pune,77009.65,2,Axis Bank,INVESTMENT_SCAM,9,Bank of Baroda,9,30,2,15
CMP00853,Lucknow,48516.76,1,Kotak Mahindra,TECH_SUPPORT_SCAM,2,Canara Bank,9,54,3,14
CMP00854,Kolkata,37878.74,1,Kotak Mahindra,KYC_UPDATE,11,Canara Bank,22,17,6,15
CMP00855,Pune,18604.25,1,ICICI Bank,IMPERSONATION,5,SBI,13,8,4,8
CMP00856,Ahmedabad,46494.75,1,Kotak Mahindra,TECH_SUPPORT_SCAM,7,Bank of Baroda,8,63,5,14
CMP00857,Jaipur,130401.96,2,Kotak Mahindra,LOAN_FRAUD,10,PNB,20,15,4,12
CMP00858,Ahmedabad,132934.13,2,HDFC Bank,OTP_SCAM,6,Canara Bank,20,7,4,16
CMP00859,Lucknow,186598.07,2,Kotak Mahindra,LOTTERY_FRAUD,5,PNB,10,53,1,0
CMP00860,Delhi,29396.0,1,Yes Bank,OTP_SCAM,9,SBI,5,37,2,16
CMP00861,Hyderabad,42731.84,1,HDFC Bank,OTP_SCAM,11,Bank of Baroda,8,11,0,16
CMP00862,Delhi,33527.83,1,Yes Bank,OTP_SCAM,3,Indian Bank,12,25,6,13
CMP00863,Lucknow,13987.17,1,HDFC Bank,IMPERSONATION,5,Canara Bank,20,61,3,14
CMP00864,Lucknow,626563.12,4,Axis Bank,IMPERSONATION,5,Bank of Baroda,7,49,0,12
CMP00865,Lucknow,10995.67,1,HDFC Bank,TECH_SUPPORT_SCAM,4,Bank of Baroda,7,58,2,15
CMP00866,Kolkata,44593.11,1,HDFC Bank,TECH_SUPPORT_SCAM,9,SBI,15,32,0,14
CMP00867,Delhi,23514.74,1,Kotak Mahindra,INVESTMENT_SCAM,7,Canara Bank,4,5,2,17
CMP00868,Hyderabad,22520.65,1,ICICI Bank,OTP_SCAM,8,Indian Bank,20,31,2,13
CMP00869,Ahmedabad,74313.97,2,HDFC Bank,KYC_UPDATE,3,Bank of Baroda,23,16,1,14
CMP00870,Jaipur,44968.6,1,ICICI Bank,IMPERSONATION,8,Indian Bank,13,52,0,15
CMP00871,Lucknow,16637.83,1,Axis Bank,LOAN_FRAUD,6,Indian Bank,9,67,5,11
CMP00872,Jaipur,776104.21,4,Kotak Mahindra,LOAN_FRAUD,6,PNB,4,22,4,15
CMP00873,Bengaluru,49732.41,1,Kotak Mahindra,OTP_SCAM,3,PNB,0,40,5,16
CMP00874,Bengaluru,16258.12,1,HDFC Bank,JOB_FRAUD,10,SBI,11,72,1,18
CMP00875,Hyderabad,34980.04,1,Kotak Mahindra,LOAN_FRAUD,12,Indian Bank,12,33,4,6
CMP00876,Patna,17133.01,1,ICICI Bank,KYC_UPDATE,12,SBI,18,14,1,18
CMP00877,Bengaluru,42291.98,1,Yes Bank,IMPERSONATION,10,Indian Bank,19,61,1,14
CMP00878,Patna,10009.87,1,ICICI Bank,KYC_UPDATE,3,PNB,2,7,1,15
CMP00879,Bengaluru,25729.87,1,Axis Bank,JOB_FRAUD,2,Indian Bank,12,61,2,13
CMP00880,Patna,156702.15,2,ICICI Bank,KYC_UPDATE,11,PNB,13,72,3,15
CMP00881,Pune,178305.85,2,Axis Bank,IMPERSONATION,1,PNB,21,45,5,17
CMP00882,Ahmedabad,356668.87,3,Axis Bank,INVESTMENT_SCAM,12,PNB,11,68,1,15
CMP00883,Bengaluru,55029.23,2,Axis Bank,KYC_UPDATE,1,Indian Bank,8,62,3,17
CMP00884,Pune,189136.23,2,HDFC Bank,LOAN_FRAUD,1,Indian Bank,19,59,3,17
CMP00885,Delhi,72978.76,2,Axis Bank,KYC_UPDATE,10,SBI,23,23,6,2
CMP00886,Mumbai,97135.48,2,HDFC Bank,IMPERSONATION,11,Bank of Baroda,17,36,6,0
CMP00887,Pune,104938.49,2,Axis Bank,TECH_SUPPORT_SCAM,10,PNB,0,52,3,1
CMP00888,Chennai,16903.41,1,Yes Bank,KYC_UPDATE,12,PNB,1,36,4,17
CMP00889,Pune,14708.58,1,HDFC Bank,LOTTERY_FRAUD,5,Canara Bank,14,12,4,2
CMP00890,Mumbai,35065.0,1,ICICI Bank,KYC_UPDATE,3,SBI,0,22,6,17
CMP00891,Mumbai,185221.88,2,ICICI Bank,JOB_FRAUD,11,Canara Bank,6,17,2,13
CMP00892,Hyderabad,43411.01,1,ICICI Bank,LOTTERY_FRAUD,6,Indian Bank,8,26,1,8
CMP00893,Hyderabad,23954.37,1,HDFC Bank,JOB_FRAUD,6,Bank of Baroda,20,67,3,5
CMP00894,Patna,49750.23,1,Kotak Mahindra,OTP_SCAM,9,PNB,13,45,5,9
CMP00895,Bengaluru,63613.63,2,Yes Bank,INVESTMENT_SCAM,12,Indian Bank,6,34,1,18
CMP00896,Jaipur,32550.78,1,ICICI Bank,LOTTERY_FRAUD,10,Bank of Baroda,21,5,2,11
CMP00897,Kolkata,46119.19,1,Kotak Mahindra,OTP_SCAM,6,Bank of Baroda,5,46,2,16
CMP00898,Jaipur,27398.74,1,Yes Bank,OTP_SCAM,10,Bank of Baroda,12,61,6,16
CMP00899,Jaipur,901946.17,4,Kotak Mahindra,TECH_SUPPORT_SCAM,1,Canara Bank,16,14,3,18
CMP00900,Kolkata,194785.34,2,Yes Bank,OTP_SCAM,5,PNB,16,26,4,4
CMP00901,Delhi,118807.03,2,HDFC Bank,TECH_SUPPORT_SCAM,3,Canara Bank,5,59,0,15
CMP00902,Hyderabad,115482.33,2,HDFC Bank,LOAN_FRAUD,4,PNB,23,32,1,13
CMP00903,Kolkata,25761.89,1,Axis Bank,JOB_FRAUD,8,SBI,6,61,5,16
CMP00904,Ahmedabad,23084.47,1,ICICI Bank,KYC_UPDATE,3,Canara Bank,9,55,4,14
CMP00905,Pune,76724.0,2,Yes Bank,JOB_FRAUD,4,SBI,7,48,2,18
CMP00906,Pune,18449.29,1,ICICI Bank,KYC_UPDATE,8,PNB,13,12,2,14
CMP00907,Hyderabad,55224.0,2,Axis Bank,LOTTERY_FRAUD,11,Bank of Baroda,13,23,1,13
CMP00908,Mumbai,170532.54,2,Axis Bank,JOB_FRAUD,11,SBI,0,21,2,13
CMP00909,Delhi,95443.18,2,Kotak Mahindra,JOB_FRAUD,7,Bank of Baroda,8,15,4,14
CMP00910,Jaipur,17153.58,1,Axis Bank,TECH_SUPPORT_SCAM,6,Indian Bank,13,69,6,14
CMP00911,Delhi,42513.4,1,Axis Bank,LOTTERY_FRAUD,5,Indian Bank,23,59,3,12
CMP00912,Jaipur,152958.15,2,Kotak Mahindra,KYC_UPDATE,1,Canara Bank,8,55,2,14
CMP00913,Hyderabad,21907.33,1,Axis Bank,LOTTERY_FRAUD,1,Bank of Baroda,1,15,2,17
CMP00914,Chennai,39071.5,1,ICICI Bank,IMPERSONATION,9,SBI,20,64,3,11
CMP00915,Surat,135360.24,2,Yes Bank,JOB_FRAUD,12,PNB,1,10,2,18
CMP00916,Lucknow,113379.49,2,HDFC Bank,IMPERSONATION,11,Canara Bank,0,24,5,2
CMP00917,Mumbai,692465.18,4,ICICI Bank,IMPERSONATION,5,Indian Bank,17,32,5,11
CMP00918,Chennai,77857.02,2,Kotak Mahindra,JOB_FRAUD,12,Canara Bank,16,6,4,18
CMP00919,Delhi,148581.92,2,Kotak Mahindra,LOAN_FRAUD,1,PNB,8,35,3,10
CMP00920,Chennai,12548.9,1,ICICI Bank,KYC_UPDATE,12,SBI,9,59,4,17
CMP00921,Jaipur,23854.65,1,Yes Bank,IMPERSONATION,6,SBI,14,20,3,15
CMP00922,Lucknow,36427.94,1,ICICI Bank,INVESTMENT_SCAM,5,Bank of Baroda,18,11,5,15
CMP00923,Surat,22613.52,1,Yes Bank,INVESTMENT_SCAM,5,Canara Bank,21,60,0,17
CMP00924,Patna,92583.15,2,Kotak Mahindra,TECH_SUPPORT_SCAM,1,Bank of Baroda,23,63,1,14
CMP00925,Patna,49685.24,1,HDFC Bank,IMPERSONATION,7,SBI,18,38,1,12
CMP00926,Bengaluru,40819.99,1,ICICI Bank,IMPERSONATION,10,Bank of Baroda,20,14,5,10
CMP00927,Chennai,46982.01,1,Kotak Mahindra,IMPERSONATION,8,Bank of Baroda,5,23,3,10
CMP00928,Pune,26724.0,1,ICICI Bank,JOB_FRAUD,7,SBI,13,53,1,13
CMP00929,Patna,39285.92,1,Yes Bank,LOTTERY_FRAUD,2,Indian Bank,0,42,4,13
CMP00930,Bengaluru,30453.42,1,HDFC Bank,KYC_UPDATE,11,Indian Bank,6,21,3,14
CMP00931,Surat,45777.83,1,ICICI Bank,JOB_FRAUD,3,Canara Bank,6,60,3,13
CMP00932,Kolkata,34160.27,1,Kotak Mahindra,INVESTMENT_SCAM,11,Indian Bank,10,21,1,18
CMP00933,Pune,60554.84,2,Kotak Mahindra,OTP_SCAM,8,Indian Bank,13,34,5,16
CMP00934,Jaipur,158772.58,2,HDFC Bank,JOB_FRAUD,7,Canara Bank,1,47,3,16
CMP00935,Ahmedabad,163691.06,2,HDFC Bank,JOB_FRAUD,3,SBI,18,15,5,16
CMP00936,Chennai,35681.42,1,Kotak Mahindra,LOTTERY_FRAUD,5,PNB,2,59,5,8
CMP00937,Hyderabad,135234.68,2,Kotak Mahindra,TECH_SUPPORT_SCAM,8,Canara Bank,19,5,6,14
CMP00938,Chennai,95999.41,2,Axis Bank,OTP_SCAM,6,Indian Bank,22,21,4,13
CMP00939,Kolkata,25369.07,1,ICICI Bank,LOAN_FRAUD,10,PNB,20,30,0,18
CMP00940,Kolkata,30343.66,1,Yes Bank,LOAN_FRAUD,5,SBI,16,52,3,12
CMP00941,Patna,44616.35,1,Yes Bank,LOTTERY_FRAUD,9,Canara Bank,15,22,6,15
CMP00942,Delhi,18972.4,1,HDFC Bank,IMPERSONATION,4,Canara Bank,8,16,5,15
CMP00943,Surat,36569.76,1,Yes Bank,OTP_SCAM,12,PNB,12,13,2,13
CMP00944,Jaipur,41890.79,1,Yes Bank,OTP_SCAM,4,Indian Bank,5,32,1,13
CMP00945,Patna,17600.57,1,Axis Bank,OTP_SCAM,5,Indian Bank,2,17,4,12
CMP00946,Patna,45265.63,1,Yes Bank,INVESTMENT_SCAM,8,Bank of Baroda,1,41,6,18
CMP00947,Jaipur,33575.03,1,HDFC Bank,KYC_UPDATE,4,Bank of Baroda,19,63,2,17
CMP00948,Surat,142161.99,2,Kotak Mahindra,KYC_UPDATE,10,PNB,14,1,2,8
CMP00949,Pune,21350.23,1,ICICI Bank,JOB_FRAUD,9,Canara Bank,20,39,2,7
CMP00950,Hyderabad,66720.51,2,Yes Bank,TECH_SUPPORT_SCAM,5,Indian Bank,5,63,0,14
CMP00951,Kolkata,64185.2,2,ICICI Bank,JOB_FRAUD,7,SBI,14,44,5,18
CMP00952,Chennai,40656.82,1,ICICI Bank,KYC_UPDATE,9,Canara Bank,15,14,5,17
CMP00953,Bengaluru,177853.59,2,ICICI Bank,LOTTERY_FRAUD,7,PNB,19,21,2,15
CMP00954,Surat,44249.5,1,Axis Bank,IMPERSONATION,5,PNB,9,48,1,11
CMP00955,Jaipur,26684.95,1,Axis Bank,TECH_SUPPORT_SCAM,10,Bank of Baroda,12,8,3,15
CMP00956,Delhi,94219.53,2,ICICI Bank,LOAN_FRAUD,11,PNB,11,4,2,13
CMP00957,Chennai,66025.19,2,Yes Bank,INVESTMENT_SCAM,8,Indian Bank,7,21,2,18
CMP00958,Delhi,34268.19,1,Kotak Mahindra,JOB_FRAUD,4,Bank of Baroda,12,8,0,16
CMP00959,Jaipur,39993.05,1,Axis Bank,TECH_SUPPORT_SCAM,8,SBI,10,53,6,15
CMP00960,Lucknow,31863.41,1,HDFC Bank,INVESTMENT_SCAM,4,Bank of Baroda,21,34,4,15
CMP00961,Mumbai,82221.92,2,Axis Bank,LOTTERY_FRAUD,8,Canara Bank,10,60,1,12
CMP00962,Hyderabad,26431.16,1,Yes Bank,LOAN_FRAUD,3,SBI,12,63,6,1
CMP00963,Delhi,898464.71,4,Yes Bank,TECH_SUPPORT_SCAM,1,Bank of Baroda,10,69,3,18
CMP00964,Patna,41943.64,1,HDFC Bank,KYC_UPDATE,2,Indian Bank,2,60,4,14
CMP00965,Hyderabad,23217.18,1,Kotak Mahindra,IMPERSONATION,12,Bank of Baroda,5,44,3,13
CMP00966,Ahmedabad,108492.12,2,Yes Bank,OTP_SCAM,1,Canara Bank,0,29,2,13
CMP00967,Lucknow,914594.83,4,Kotak Mahindra,TECH_SUPPORT_SCAM,10,PNB,22,20,1,6
CMP00968,Kolkata,176704.75,2,HDFC Bank,LOAN_FRAUD,9,SBI,4,70,2,10
CMP00969,Chennai,49640.15,1,ICICI Bank,TECH_SUPPORT_SCAM,5,PNB,7,28,6,15
CMP00970,Ahmedabad,81287.65,2,HDFC Bank,KYC_UPDATE,12,Bank of Baroda,1,58,3,14
CMP00971,Mumbai,68255.56,2,ICICI Bank,KYC_UPDATE,10,Indian Bank,6,16,3,11
CMP00972,Ahmedabad,103978.77,2,ICICI Bank,TECH_SUPPORT_SCAM,2,PNB,8,66,0,0
CMP00973,Ahmedabad,47829.27,1,Kotak Mahindra,OTP_SCAM,2,Bank of Baroda,2,56,6,12
CMP00974,Jaipur,98490.64,2,HDFC Bank,IMPERSONATION,12,Canara Bank,4,32,1,14
CMP00975,Surat,18393.02,1,Kotak Mahindra,LOTTERY_FRAUD,1,SBI,23,38,2,13
CMP00976,Kolkata,150300.17,2,Yes Bank,LOTTERY_FRAUD,12,PNB,11,15,6,12
CMP00977,Ahmedabad,41330.76,1,Axis Bank,LOAN_FRAUD,10,Canara Bank,10,4,3,12
CMP00978,Lucknow,16326.9,1,Kotak Mahindra,OTP_SCAM,12,Indian Bank,0,45,1,12
CMP00979,Jaipur,34130.84,1,Kotak Mahindra,JOB_FRAUD,8,Indian Bank,20,1,2,16
CMP00980,Pune,64459.74,2,Yes Bank,TECH_SUPPORT_SCAM,10,Canara Bank,15,26,1,15
CMP00981,Pune,45476.72,1,HDFC Bank,INVESTMENT_SCAM,12,SBI,3,32,1,17
CMP00982,Surat,49505.72,1,Kotak Mahindra,TECH_SUPPORT_SCAM,9,Indian Bank,8,17,2,14
CMP00983,Surat,211457.38,3,Kotak Mahindra,OTP_SCAM,4,SBI,20,5,6,5
CMP00984,Bengaluru,23756.07,1,HDFC Bank,IMPERSONATION,8,Indian Bank,20,52,3,14
CMP00985,Lucknow,40740.44,1,Kotak Mahindra,LOAN_FRAUD,12,SBI,10,44,1,13
CMP00986,Pune,24616.89,1,Axis Bank,KYC_UPDATE,5,Indian Bank,20,4,4,14
CMP00987,Mumbai,96054.56,2,Yes Bank,KYC_UPDATE,3,Canara Bank,13,71,0,16
CMP00988,Ahmedabad,83278.56,2,Yes Bank,LOTTERY_FRAUD,3,PNB,0,26,5,16
CMP00989,Patna,104398.42,2,Yes Bank,LOTTERY_FRAUD,1,Indian Bank,7,68,1,5
CMP00990,Surat,18087.84,1,ICICI Bank,INVESTMENT_SCAM,10,Indian Bank,1,52,2,17
CMP00991,Jaipur,200282.89,3,Axis Bank,JOB_FRAUD,12,PNB,8,72,5,13
CMP00992,Ahmedabad,164688.94,2,ICICI Bank,OTP_SCAM,8,PNB,7,51,6,13
CMP00993,Chennai,420974.3,3,Axis Bank,INVESTMENT_SCAM,4,SBI,12,16,5,4
CMP00994,Jaipur,14691.68,1,ICICI Bank,INVESTMENT_SCAM,6,Canara Bank,9,68,0,15
CMP00995,Pune,34401.43,1,Kotak Mahindra,INVESTMENT_SCAM,2,Canara Bank,4,10,6,10
CMP00996,Delhi,113886.59,2,Kotak Mahindra,LOAN_FRAUD,2,Canara Bank,5,63,6,3
CMP00997,Surat,43998.62,1,Yes Bank,KYC_UPDATE,6,Indian Bank,15,56,3,14
CMP00998,Hyderabad,87687.36,2,Yes Bank,LOAN_FRAUD,7,Canara Bank,11,11,0,13
CMP00999,Chennai,49892.1,1,Yes Bank,JOB_FRAUD,11,Bank of Baroda,22,63,4,13
CMP01000,Delhi,146401.67,2,Yes Bank,IMPERSONATION,10,SBI,3,13,0,7
CMP01001,Patna,55979.74,2,Yes Bank,TECH_SUPPORT_SCAM,7,Bank of Baroda,20,57,6,14
CMP01002,Pune,10965.78,1,Kotak Mahindra,IMPERSONATION,4,SBI,10,13,2,0
CMP01003,Hyderabad,398960.87,3,Axis Bank,JOB_FRAUD,6,Canara Bank,14,7,2,13
CMP01004,Chennai,26052.83,1,Yes Bank,LOTTERY_FRAUD,11,Indian Bank,11,23,6,10
CMP01005,Patna,65194.73,2,Yes Bank,TECH_SUPPORT_SCAM,6,PNB,23,12,5,14
CMP01006,Ahmedabad,23480.05,1,ICICI Bank,LOTTERY_FRAUD,12,Canara Bank,14,47,6,10
CMP01007,Mumbai,760182.64,4,ICICI Bank,OTP_SCAM,5,Indian Bank,17,38,6,12
CMP01008,Chennai,45077.32,1,HDFC Bank,KYC_UPDATE,12,SBI,12,34,1,17
CMP01009,Ahmedabad,160442.35,2,ICICI Bank,TECH_SUPPORT_SCAM,2,Bank of Baroda,9,11,2,14
CMP01010,Chennai,221087.35,3,Yes Bank,OTP_SCAM,11,PNB,7,29,1,14
CMP01011,Kolkata,886025.07,4,HDFC Bank,INVESTMENT_SCAM,4,Canara Bank,15,57,3,17
CMP01012,Kolkata,183290.62,2,Yes Bank,IMPERSONATION,7,Indian Bank,12,34,5,11
CMP01013,Ahmedabad,24282.97,1,Axis Bank,LOAN_FRAUD,4,Canara Bank,22,18,2,7
CMP01014,Mumbai,42290.14,1,Yes Bank,LOTTERY_FRAUD,9,Bank of Baroda,19,30,5,13
CMP01015,Hyderabad,124569.94,2,Yes Bank,JOB_FRAUD,8,SBI,13,9,1,16
CMP01016,Jaipur,48189.37,1,ICICI Bank,TECH_SUPPORT_SCAM,11,SBI,8,33,5,14
CMP01017,Surat,96473.79,2,ICICI Bank,IMPERSONATION,4,Bank of Baroda,22,39,2,13
CMP01018,Lucknow,242376.74,3,Yes Bank,LOTTERY_FRAUD,1,Canara Bank,11,16,6,2
CMP01019,Surat,818987.36,4,ICICI Bank,IMPERSONATION,4,PNB,5,24,0,15
CMP01020,Mumbai,152802.96,2,HDFC Bank,TECH_SUPPORT_SCAM,10,Bank of Baroda,13,49,5,18
CMP01021,Hyderabad,20080.57,1,Axis Bank,KYC_UPDATE,12,PNB,2,24,2,14
CMP01022,Bengaluru,45172.05,1,Kotak Mahindra,KYC_UPDATE,9,SBI,1,72,0,14
CMP01023,Lucknow,11106.14,1,HDFC Bank,OTP_SCAM,6,SBI,18,48,6,12
CMP01024,Kolkata,37327.24,1,Yes Bank,JOB_FRAUD,6,PNB,4,48,4,16
CMP01025,Jaipur,910586.83,4,HDFC Bank,LOTTERY_FRAUD,1,Indian Bank,3,40,2,13
CMP01026,Mumbai,34527.66,1,Kotak Mahindra,LOTTERY_FRAUD,10,PNB,10,59,5,12
CMP01027,Pune,15655.26,1,Yes Bank,KYC_UPDATE,6,SBI,15,25,6,15
CMP01028,Pune,36192.17,1,Yes Bank,JOB_FRAUD,9,SBI,16,69,4,13
CMP01029,Bengaluru,35053.57,1,ICICI Bank,LOAN_FRAUD,4,Bank of Baroda,12,56,3,12
CMP01030,Bengaluru,29904.58,1,Yes Bank,KYC_UPDATE,10,Bank of Baroda,9,8,4,6
CMP01031,Hyderabad,22546.15,1,Yes Bank,KYC_UPDATE,9,Indian Bank,1,69,0,15
CMP01032,Bengaluru,160781.01,2,Yes Bank,INVESTMENT_SCAM,11,SBI,16,23,4,17
CMP01033,Mumbai,60944.52,2,Kotak Mahindra,INVESTMENT_SCAM,4,PNB,6,64,1,17
CMP01034,Ahmedabad,19615.5,1,ICICI Bank,OTP_SCAM,5,SBI,10,23,3,11
CMP01035,Delhi,36741.31,1,ICICI Bank,IMPERSONATION,10,PNB,13,40,1,8
CMP01036,Surat,43705.37,1,HDFC Bank,IMPERSONATION,7,Bank of Baroda,6,63,2,12
CMP01037,Surat,60578.65,2,Kotak Mahindra,OTP_SCAM,11,PNB,3,15,1,15
CMP01038,Kolkata,405199.33,3,Yes Bank,KYC_UPDATE,3,Canara Bank,21,51,2,15
CMP01039,Mumbai,29918.69,1,Kotak Mahindra,KYC_UPDATE,2,PNB,4,67,0,14
CMP01040,Delhi,170961.37,2,Kotak Mahindra,INVESTMENT_SCAM,2,PNB,7,56,4,17
CMP01041,Patna,158736.52,2,HDFC Bank,JOB_FRAUD,4,Indian Bank,1,2,1,16
CMP01042,Jaipur,47872.85,1,ICICI Bank,TECH_SUPPORT_SCAM,7,SBI,16,9,1,15
CMP01043,Delhi,93170.98,2,Kotak Mahindra,JOB_FRAUD,4,SBI,5,19,4,1
CMP01044,Pune,34743.45,1,HDFC Bank,KYC_UPDATE,9,Bank of Baroda,5,42,2,14
CMP01045,Ahmedabad,165304.31,2,HDFC Bank,OTP_SCAM,1,Indian Bank,3,29,6,16
CMP01046,Pune,37424.4,1,Kotak Mahindra,OTP_SCAM,11,Indian Bank,12,58,5,13
CMP01047,Pune,45177.77,1,Kotak Mahindra,TECH_SUPPORT_SCAM,3,Bank of Baroda,7,19,2,15
CMP01048,Kolkata,71597.57,2,Axis Bank,LOAN_FRAUD,7,SBI,14,53,5,7
CMP01049,Kolkata,26709.03,1,Axis Bank,IMPERSONATION,7,PNB,23,58,3,14
CMP01050,Bengaluru,80887.26,2,Axis Bank,TECH_SUPPORT_SCAM,3,Bank of Baroda,6,25,4,14
CMP01051,Lucknow,25713.18,1,Kotak Mahindra,JOB_FRAUD,11,Canara Bank,15,14,4,16
CMP01052,Chennai,148947.72,2,ICICI Bank,OTP_SCAM,9,Canara Bank,16,56,1,0
CMP01053,Ahmedabad,744504.13,4,Yes Bank,INVESTMENT_SCAM,5,PNB,4,52,4,6
CMP01054,Ahmedabad,69583.26,2,Axis Bank,LOTTERY_FRAUD,4,Bank of Baroda,15,41,4,16
CMP01055,Pune,46806.87,1,HDFC Bank,OTP_SCAM,2,SBI,1,43,6,13
CMP01056,Chennai,97325.0,2,Axis Bank,LOTTERY_FRAUD,6,SBI,14,61,2,9
CMP01057,Mumbai,14737.62,1,Yes Bank,LOAN_FRAUD,3,PNB,19,53,1,15
CMP01058,Surat,927347.86,4,ICICI Bank,LOAN_FRAUD,11,SBI,3,6,1,15
CMP01059,Jaipur,172692.76,2,ICICI Bank,IMPERSONATION,10,SBI,14,24,3,15
CMP01060,Bengaluru,34961.24,1,HDFC Bank,TECH_SUPPORT_SCAM,2,Canara Bank,21,51,1,14
CMP01061,Hyderabad,595799.92,4,HDFC Bank,TECH_SUPPORT_SCAM,10,Canara Bank,19,54,1,18
CMP01062,Lucknow,241608.86,3,HDFC Bank,LOAN_FRAUD,6,Bank of Baroda,7,40,2,13
CMP01063,Hyderabad,15225.99,1,Kotak Mahindra,OTP_SCAM,6,SBI,19,2,5,13
CMP01064,Jaipur,90542.55,2,Kotak Mahindra,INVESTMENT_SCAM,1,Bank of Baroda,12,43,2,13
CMP01065,Surat,132857.4,2,Axis Bank,IMPERSONATION,6,PNB,15,37,2,15
CMP01066,Lucknow,66057.44,2,HDFC Bank,TECH_SUPPORT_SCAM,3,SBI,2,23,2,14
CMP01067,Mumbai,180523.94,2,HDFC Bank,KYC_UPDATE,12,SBI,19,10,1,15
CMP01068,Patna,46720.09,1,HDFC Bank,KYC_UPDATE,12,SBI,2,24,0,2
CMP01069,Ahmedabad,108035.14,2,ICICI Bank,OTP_SCAM,1,PNB,20,68,1,12
CMP01070,Jaipur,30303.38,1,Axis Bank,LOTTERY_FRAUD,1,Indian Bank,2,23,1,13
CMP01071,Surat,163442.94,2,HDFC Bank,KYC_UPDATE,3,PNB,7,21,3,17
CMP01072,Lucknow,23790.36,1,Axis Bank,IMPERSONATION,7,PNB,7,68,0,8
CMP01073,Kolkata,46107.74,1,HDFC Bank,LOAN_FRAUD,2,SBI,1,56,0,14
CMP01074,Surat,187171.5,2,HDFC Bank,OTP_SCAM,10,Canara Bank,22,9,4,13
CMP01075,Surat,29563.5,1,Kotak Mahindra,TECH_SUPPORT_SCAM,8,Canara Bank,17,25,1,15
CMP01076,Jaipur,45963.58,1,Kotak Mahindra,IMPERSONATION,7,Canara Bank,14,20,1,12
CMP01077,Delhi,705754.43,4,ICICI Bank,IMPERSONATION,7,Canara Bank,12,47,0,5
CMP01078,Patna,28891.53,1,ICICI Bank,LOTTERY_FRAUD,2,PNB,8,44,1,12
CMP01079,Lucknow,38949.17,1,Axis Bank,LOAN_FRAUD,4,PNB,13,56,6,1
CMP01080,Mumbai,21572.87,1,HDFC Bank,TECH_SUPPORT_SCAM,12,Canara Bank,7,67,3,13
CMP01081,Delhi,152608.64,2,Axis Bank,JOB_FRAUD,6,PNB,13,16,4,16
CMP01082,Surat,250499.99,3,ICICI Bank,TECH_SUPPORT_SCAM,10,Canara Bank,14,48,3,18
CMP01083,Pune,41752.72,1,Kotak Mahindra,TECH_SUPPORT_SCAM,9,Canara Bank,22,25,1,18
CMP01084,Surat,87364.86,2,Yes Bank,INVESTMENT_SCAM,4,Indian Bank,18,61,0,18
CMP01085,Patna,34103.99,1,Axis Bank,LOTTERY_FRAUD,9,SBI,23,35,0,8
CMP01086,Bengaluru,10122.13,1,HDFC Bank,LOTTERY_FRAUD,4,Bank of Baroda,11,62,4,12
CMP01087,Bengaluru,146876.24,2,Yes Bank,JOB_FRAUD,4,Indian Bank,19,16,2,6
CMP01088,Chennai,51637.1,2,Kotak Mahindra,LOAN_FRAUD,12,Bank of Baroda,8,27,1,12
CMP01089,Bengaluru,133289.65,2,Kotak Mahindra,KYC_UPDATE,8,PNB,19,57,6,15
CMP01090,Chennai,15141.43,1,Yes Bank,LOAN_FRAUD,5,Bank of Baroda,0,16,0,17
CMP01091,Bengaluru,11018.61,1,ICICI Bank,JOB_FRAUD,12,Canara Bank,13,42,3,13
CMP01092,Bengaluru,58378.88,2,Yes Bank,LOAN_FRAUD,1,Indian Bank,22,17,3,12
CMP01093,Mumbai,40186.38,1,Yes Bank,LOTTERY_FRAUD,12,PNB,11,44,0,15
CMP01094,Lucknow,109398.53,2,HDFC Bank,IMPERSONATION,7,Indian Bank,4,71,6,14
CMP01095,Mumbai,37340.88,1,Axis Bank,LOTTERY_FRAUD,4,PNB,0,7,5,7
CMP01096,Delhi,963536.82,4,HDFC Bank,JOB_FRAUD,4,PNB,4,65,2,13
CMP01097,Lucknow,154568.71,2,Axis Bank,OTP_SCAM,1,Bank of Baroda,17,9,0,12
CMP01098,Patna,137237.48,2,Kotak Mahindra,INVESTMENT_SCAM,6,SBI,11,66,6,18
CMP01099,Pune,30435.18,1,Yes Bank,OTP_SCAM,5,Canara Bank,5,26,6,13
CMP01100,Hyderabad,11152.7,1,Kotak Mahindra,TECH_SUPPORT_SCAM,11,SBI,19,66,6,15
CMP01101,Ahmedabad,160355.38,2,HDFC Bank,OTP_SCAM,4,PNB,9,28,4,11
CMP01102,Delhi,10952.5,1,ICICI Bank,JOB_FRAUD,5,Indian Bank,0,28,6,16
CMP01103,Surat,681450.38,4,Kotak Mahindra,JOB_FRAUD,8,Canara Bank,5,63,3,16
CMP01104,Patna,178574.9,2,HDFC Bank,KYC_UPDATE,1,SBI,8,1,2,17
CMP01105,Delhi,26926.63,1,Axis Bank,KYC_UPDATE,11,PNB,11,10,2,14
CMP01106,Mumbai,47289.83,1,Axis Bank,OTP_SCAM,5,PNB,6,16,5,0
CMP01107,Kolkata,118286.69,2,HDFC Bank,JOB_FRAUD,2,SBI,18,72,2,13
CMP01108,Surat,25097.0,1,ICICI Bank,KYC_UPDATE,2,PNB,1,64,3,13
CMP01109,Delhi,40781.32,1,Yes Bank,LOTTERY_FRAUD,11,SBI,8,37,5,12
CMP01110,Chennai,235298.48,3,ICICI Bank,LOAN_FRAUD,1,Bank of Baroda,18,56,4,15
CMP01111,Surat,24691.89,1,HDFC Bank,INVESTMENT_SCAM,6,Canara Bank,15,70,1,15
CMP01112,Surat,24884.4,1,Axis Bank,TECH_SUPPORT_SCAM,3,Bank of Baroda,11,38,1,15
CMP01113,Bengaluru,15505.66,1,Kotak Mahindra,IMPERSONATION,10,SBI,11,60,3,5
CMP01114,Bengaluru,35307.9,1,Yes Bank,OTP_SCAM,10,PNB,23,21,6,4
CMP01115,Surat,198575.59,2,Kotak Mahindra,INVESTMENT_SCAM,7,SBI,17,6,4,18
CMP01116,Surat,39274.19,1,ICICI Bank,LOTTERY_FRAUD,8,Canara Bank,11,71,3,12
CMP01117,Surat,118048.11,2,Kotak Mahindra,TECH_SUPPORT_SCAM,4,SBI,22,25,5,14
CMP01118,Kolkata,95428.64,2,HDFC Bank,JOB_FRAUD,4,Canara Bank,6,70,5,18
CMP01119,Delhi,41042.71,1,Axis Bank,OTP_SCAM,4,SBI,2,9,2,12
CMP01120,Pune,23726.78,1,Kotak Mahindra,TECH_SUPPORT_SCAM,12,SBI,11,27,2,14
CMP01121,Pune,11241.61,1,Kotak Mahindra,OTP_SCAM,8,SBI,22,61,6,17
CMP01122,Ahmedabad,747878.54,4,Yes Bank,KYC_UPDATE,6,Indian Bank,0,49,0,2
CMP01123,Hyderabad,43225.2,1,Yes Bank,JOB_FRAUD,2,SBI,20,13,3,16
CMP01124,Delhi,178196.33,2,Axis Bank,JOB_FRAUD,9,Canara Bank,6,53,0,18
CMP01125,Mumbai,32602.0,1,Yes Bank,JOB_FRAUD,8,PNB,17,7,2,13
CMP01126,Jaipur,23256.62,1,Axis Bank,LOTTERY_FRAUD,1,PNB,3,20,6,12
CMP01127,Delhi,17307.11,1,Kotak Mahindra,INVESTMENT_SCAM,7,PNB,10,64,1,3
CMP01128,Kolkata,684164.78,4,ICICI Bank,KYC_UPDATE,12,PNB,0,57,3,17
CMP01129,Surat,26744.98,1,Yes Bank,OTP_SCAM,11,Canara Bank,1,36,3,13
CMP01130,Mumbai,46770.98,1,Axis Bank,KYC_UPDATE,8,Canara Bank,4,16,0,17
CMP01131,Jaipur,12672.76,1,Yes Bank,INVESTMENT_SCAM,9,Canara Bank,21,24,4,17
CMP01132,Chennai,108606.46,2,ICICI Bank,INVESTMENT_SCAM,3,Canara Bank,11,8,4,3
CMP01133,Patna,70559.27,2,Yes Bank,LOAN_FRAUD,5,SBI,7,62,6,15
CMP01134,Jaipur,35335.86,1,ICICI Bank,JOB_FRAUD,3,SBI,17,10,1,13
CMP01135,Jaipur,35077.64,1,Yes Bank,KYC_UPDATE,10,SBI,13,47,1,13
CMP01136,Ahmedabad,36866.24,1,HDFC Bank,OTP_SCAM,7,Canara Bank,11,51,3,12
CMP01137,Patna,145301.67,2,Yes Bank,JOB_FRAUD,11,Bank of Baroda,7,67,2,18
CMP01138,Ahmedabad,166557.2,2,HDFC Bank,OTP_SCAM,2,Indian Bank,20,6,2,13
CMP01139,Hyderabad,884303.12,4,Yes Bank,TECH_SUPPORT_SCAM,6,Indian Bank,15,66,3,14
CMP01140,Bengaluru,34654.67,1,HDFC Bank,JOB_FRAUD,6,Bank of Baroda,2,33,5,16
CMP01141,Bengaluru,48893.63,1,Axis Bank,INVESTMENT_SCAM,10,PNB,6,43,4,15
CMP01142,Pune,153249.83,2,ICICI Bank,IMPERSONATION,3,Indian Bank,6,47,5,15
CMP01143,Patna,181421.85,2,Yes Bank,JOB_FRAUD,2,PNB,20,32,1,13
CMP01144,Pune,38681.66,1,Kotak Mahindra,LOTTERY_FRAUD,4,Canara Bank,18,59,4,12
CMP01145,Mumbai,17557.12,1,Kotak Mahindra,LOAN_FRAUD,7,Indian Bank,8,64,3,17
CMP01146,Lucknow,49263.11,1,Yes Bank,LOAN_FRAUD,4,Bank of Baroda,20,63,4,13
CMP01147,Mumbai,42051.99,1,ICICI Bank,TECH_SUPPORT_SCAM,2,PNB,1,6,6,15
CMP01148,Mumbai,134985.1,2,Kotak Mahindra,LOTTERY_FRAUD,1,PNB,0,15,2,8
CMP01149,Ahmedabad,135592.57,2,ICICI Bank,LOAN_FRAUD,4,PNB,8,71,2,4
CMP01150,Lucknow,48655.99,1,Yes Bank,OTP_SCAM,4,Canara Bank,12,27,4,12
CMP01151,Jaipur,83146.02,2,HDFC Bank,LOAN_FRAUD,4,SBI,14,22,1,8
CMP01152,Delhi,33988.65,1,ICICI Bank,KYC_UPDATE,7,Canara Bank,12,58,1,14
CMP01153,Jaipur,53453.99,2,ICICI Bank,JOB_FRAUD,10,Bank of Baroda,8,27,5,13
CMP01154,Delhi,27687.58,1,Kotak Mahindra,TECH_SUPPORT_SCAM,10,Indian Bank,6,48,1,12
CMP01155,Ahmedabad,20965.67,1,ICICI Bank,LOTTERY_FRAUD,6,PNB,22,38,1,12
CMP01156,Pune,108330.48,2,HDFC Bank,INVESTMENT_SCAM,12,Bank of Baroda,11,47,3,15
CMP01157,Mumbai,24663.79,1,Kotak Mahindra,IMPERSONATION,6,Canara Bank,8,62,1,16
CMP01158,Delhi,63495.88,2,Kotak Mahindra,INVESTMENT_SCAM,1,Canara Bank,5,12,4,18
CMP01159,Lucknow,44340.01,1,Axis Bank,KYC_UPDATE,3,Bank of Baroda,8,24,1,14
CMP01160,Mumbai,167639.44,2,Yes Bank,INVESTMENT_SCAM,10,SBI,23,23,2,15
CMP01161,Delhi,40913.45,1,ICICI Bank,INVESTMENT_SCAM,12,Indian Bank,8,23,4,15
CMP01162,Kolkata,98821.68,2,Yes Bank,LOTTERY_FRAUD,4,PNB,5,35,4,16
CMP01163,Ahmedabad,43861.48,1,ICICI Bank,OTP_SCAM,1,PNB,7,48,4,14
CMP01164,Jaipur,35605.44,1,ICICI Bank,INVESTMENT_SCAM,12,SBI,1,9,3,15
CMP01165,Pune,183318.9,2,Kotak Mahindra,JOB_FRAUD,9,Indian Bank,14,67,2,18
CMP01166,Hyderabad,29989.07,1,Yes Bank,IMPERSONATION,3,Bank of Baroda,1,27,0,15
CMP01167,Patna,10955.03,1,Kotak Mahindra,KYC_UPDATE,7,Bank of Baroda,15,26,6,15
CMP01168,Patna,10655.12,1,ICICI Bank,JOB_FRAUD,7,Canara Bank,7,57,2,16
CMP01169,Chennai,396292.81,3,Kotak Mahindra,TECH_SUPPORT_SCAM,7,PNB,4,13,2,18
CMP01170,Pune,42843.77,1,Kotak Mahindra,IMPERSONATION,10,SBI,17,62,0,15
CMP01171,Bengaluru,332756.32,3,Axis Bank,KYC_UPDATE,5,PNB,3,19,5,8
CMP01172,Delhi,10965.59,1,Yes Bank,OTP_SCAM,11,PNB,12,43,6,13
CMP01173,Bengaluru,27535.91,1,HDFC Bank,LOAN_FRAUD,10,Indian Bank,15,56,6,17
CMP01174,Kolkata,159717.47,2,Kotak Mahindra,KYC_UPDATE,11,Canara Bank,20,35,1,14
CMP01175,Hyderabad,10484.59,1,Kotak Mahindra,IMPERSONATION,1,PNB,4,25,3,15
CMP01176,Lucknow,12649.13,1,Yes Bank,IMPERSONATION,4,Canara Bank,1,34,5,14
CMP01177,Kolkata,171753.47,2,Kotak Mahindra,JOB_FRAUD,2,SBI,10,48,6,16
CMP01178,Lucknow,170928.34,2,ICICI Bank,TECH_SUPPORT_SCAM,9,Indian Bank,7,29,6,18
CMP01179,Lucknow,241029.26,3,Axis Bank,TECH_SUPPORT_SCAM,12,Bank of Baroda,18,39,6,3
CMP01180,Lucknow,16130.33,1,ICICI Bank,LOTTERY_FRAUD,4,PNB,3,70,4,13
CMP01181,Patna,34922.33,1,Axis Bank,IMPERSONATION,2,Canara Bank,21,9,6,14
CMP01182,Ahmedabad,467028.68,3,ICICI Bank,IMPERSONATION,8,Bank of Baroda,11,16,2,15
CMP01183,Ahmedabad,42181.18,1,Kotak Mahindra,INVESTMENT_SCAM,5,PNB,10,21,4,15
CMP01184,Mumbai,29705.94,1,HDFC Bank,KYC_UPDATE,3,SBI,2,20,0,14
CMP01185,Hyderabad,11617.19,1,Axis Bank,LOTTERY_FRAUD,11,Canara Bank,9,43,0,13
CMP01186,Patna,173628.64,2,HDFC Bank,OTP_SCAM,3,PNB,15,14,2,16
CMP01187,Kolkata,73609.11,2,HDFC Bank,LOAN_FRAUD,10,Bank of Baroda,22,66,0,12
CMP01188,Ahmedabad,28100.34,1,Axis Bank,OTP_SCAM,12,PNB,16,40,2,13
CMP01189,Hyderabad,38129.38,1,Axis Bank,INVESTMENT_SCAM,4,PNB,1,11,0,18
CMP01190,Jaipur,40814.67,1,ICICI Bank,KYC_UPDATE,12,PNB,22,41,4,15
CMP01191,Mumbai,367817.5,3,Yes Bank,IMPERSONATION,5,Indian Bank,15,5,2,14
CMP01192,Delhi,29904.68,1,HDFC Bank,KYC_UPDATE,7,Canara Bank,21,51,6,10
CMP01193,Kolkata,46619.73,1,Axis Bank,JOB_FRAUD,11,Bank of Baroda,18,24,0,5
CMP01194,Ahmedabad,45368.77,1,HDFC Bank,LOAN_FRAUD,6,Bank of Baroda,7,66,4,13
CMP01195,Ahmedabad,23718.52,1,HDFC Bank,LOTTERY_FRAUD,11,SBI,19,48,2,12
CMP01196,Kolkata,45583.45,1,Axis Bank,INVESTMENT_SCAM,5,Indian Bank,18,26,3,1
CMP01197,Surat,40230.94,1,Yes Bank,JOB_FRAUD,5,Indian Bank,1,37,2,13
CMP01198,Ahmedabad,22607.18,1,Kotak Mahindra,JOB_FRAUD,10,Indian Bank,18,29,3,13
CMP01199,Pune,31229.71,1,Yes Bank,INVESTMENT_SCAM,7,Canara Bank,1,29,6,15
CMP01200,Delhi,131981.89,2,HDFC Bank,IMPERSONATION,9,Canara Bank,13,3,4,9
CMP01201,Jaipur,93133.57,2,Yes Bank,OTP_SCAM,9,PNB,3,31,3,13
CMP01202,Delhi,191986.78,2,Kotak Mahindra,INVESTMENT_SCAM,6,SBI,0,13,1,8
CMP01203,Pune,27057.98,1,Axis Bank,LOTTERY_FRAUD,7,Canara Bank,23,21,2,12
CMP01204,Mumbai,252785.82,3,ICICI Bank,KYC_UPDATE,1,SBI,8,23,0,10
CMP01205,Lucknow,36719.94,1,Yes Bank,KYC_UPDATE,9,Bank of Baroda,8,11,2,11
CMP01206,Ahmedabad,186637.99,2,ICICI Bank,LOTTERY_FRAUD,5,Indian Bank,19,12,0,12
CMP01207,Jaipur,168899.8,2,Axis Bank,INVESTMENT_SCAM,6,SBI,13,14,6,15
CMP01208,Chennai,60035.08,2,Yes Bank,LOTTERY_FRAUD,10,Bank of Baroda,23,30,6,12
CMP01209,Bengaluru,17523.22,1,Axis Bank,IMPERSONATION,1,PNB,18,46,0,11
CMP01210,Ahmedabad,43720.9,1,HDFC Bank,TECH_SUPPORT_SCAM,8,Canara Bank,19,67,4,18
CMP01211,Jaipur,101105.5,2,Kotak Mahindra,LOTTERY_FRAUD,9,Indian Bank,19,5,6,10
CMP01212,Hyderabad,14262.97,1,Yes Bank,INVESTMENT_SCAM,5,Bank of Baroda,9,18,5,15
CMP01213,Bengaluru,29931.48,1,Kotak Mahindra,LOAN_FRAUD,9,SBI,23,39,3,13
CMP01214,Surat,177735.48,2,HDFC Bank,LOTTERY_FRAUD,9,PNB,11,15,0,10
CMP01215,Mumbai,13153.55,1,ICICI Bank,TECH_SUPPORT_SCAM,4,Indian Bank,1,36,2,17
CMP01216,Surat,46252.78,1,Yes Bank,KYC_UPDATE,12,Indian Bank,21,39,0,1
CMP01217,Ahmedabad,70533.75,2,HDFC Bank,LOAN_FRAUD,5,Canara Bank,3,1,0,1
CMP01218,Bengaluru,33634.15,1,Kotak Mahindra,JOB_FRAUD,2,Indian Bank,17,32,0,18
CMP01219,Jaipur,173326.35,2,ICICI Bank,OTP_SCAM,3,PNB,21,66,1,0
CMP01220,Patna,27188.92,1,ICICI Bank,LOAN_FRAUD,9,Bank of Baroda,19,50,1,9
CMP01221,Kolkata,430130.2,3,Kotak Mahindra,TECH_SUPPORT_SCAM,7,Indian Bank,7,16,5,14
CMP01222,Mumbai,153694.99,2,Kotak Mahindra,OTP_SCAM,4,Indian Bank,18,24,6,12
CMP01223,Surat,159687.87,2,HDFC Bank,LOTTERY_FRAUD,4,PNB,21,51,1,8
CMP01224,Patna,37848.96,1,HDFC Bank,KYC_UPDATE,12,PNB,13,14,2,14
CMP01225,Bengaluru,152047.18,2,Axis Bank,KYC_UPDATE,7,Bank of Baroda,14,26,6,14
CMP01226,Chennai,549960.66,4,ICICI Bank,TECH_SUPPORT_SCAM,8,Bank of Baroda,8,1,3,15
CMP01227,Lucknow,21488.4,1,Axis Bank,JOB_FRAUD,7,PNB,9,36,1,18
CMP01228,Patna,117401.46,2,Kotak Mahindra,KYC_UPDATE,5,Canara Bank,22,36,6,15
CMP01229,Jaipur,19376.84,1,ICICI Bank,LOTTERY_FRAUD,3,Bank of Baroda,15,50,1,17
CMP01230,Mumbai,13953.38,1,Axis Bank,LOTTERY_FRAUD,9,Canara Bank,21,67,6,12
CMP01231,Patna,19771.77,1,HDFC Bank,KYC_UPDATE,5,PNB,21,72,6,17
CMP01232,Lucknow,37585.51,1,HDFC Bank,JOB_FRAUD,1,PNB,17,54,4,16
CMP01233,Mumbai,90791.23,2,Axis Bank,LOTTERY_FRAUD,5,Bank of Baroda,6,52,5,18
CMP01234,Mumbai,19795.36,1,Kotak Mahindra,TECH_SUPPORT_SCAM,10,Bank of Baroda,1,44,2,15
CMP01235,Chennai,65478.86,2,Kotak Mahindra,JOB_FRAUD,1,Indian Bank,4,30,3,6
CMP01236,Ahmedabad,196389.09,2,Yes Bank,JOB_FRAUD,2,SBI,14,18,1,6
CMP01237,Mumbai,527310.54,4,HDFC Bank,TECH_SUPPORT_SCAM,1,Canara Bank,8,58,1,15
CMP01238,Hyderabad,164136.61,2,Yes Bank,KYC_UPDATE,12,Indian Bank,1,61,5,14
CMP01239,Chennai,33315.17,1,Kotak Mahindra,JOB_FRAUD,2,Canara Bank,18,36,0,16
CMP01240,Lucknow,35088.26,1,ICICI Bank,JOB_FRAUD,12,SBI,0,36,1,18
CMP01241,Surat,21800.0,1,ICICI Bank,OTP_SCAM,4,PNB,1,58,1,12
CMP01242,Bengaluru,175042.95,2,Axis Bank,INVESTMENT_SCAM,3,Bank of Baroda,5,61,3,15
CMP01243,Pune,81767.78,2,Kotak Mahindra,LOTTERY_FRAUD,2,SBI,4,54,0,13
CMP01244,Surat,46036.55,1,Yes Bank,LOAN_FRAUD,11,Indian Bank,18,43,3,17
CMP01245,Jaipur,116761.37,2,Kotak Mahindra,INVESTMENT_SCAM,10,PNB,10,34,4,17
CMP01246,Ahmedabad,13640.99,1,Axis Bank,INVESTMENT_SCAM,9,Bank of Baroda,18,15,6,18
CMP01247,Lucknow,39504.49,1,Kotak Mahindra,KYC_UPDATE,11,Bank of Baroda,4,7,4,14
CMP01248,Delhi,86224.21,2,Yes Bank,INVESTMENT_SCAM,9,Indian Bank,17,11,2,18
CMP01249,Bengaluru,29620.33,1,Yes Bank,LOAN_FRAUD,3,PNB,6,18,6,2
CMP01250,Patna,132008.94,2,Kotak Mahindra,LOTTERY_FRAUD,7,SBI,23,42,3,12
CMP01251,Delhi,179432.87,2,HDFC Bank,OTP_SCAM,11,SBI,23,4,0,16
CMP01252,Surat,45771.77,1,ICICI Bank,KYC_UPDATE,2,Bank of Baroda,20,48,0,0
CMP01253,Bengaluru,46570.36,1,Axis Bank,LOTTERY_FRAUD,11,Bank of Baroda,20,38,6,2
CMP01254,Patna,30888.89,1,Yes Bank,LOTTERY_FRAUD,8,Indian Bank,2,20,1,9
CMP01255,Bengaluru,28692.51,1,Kotak Mahindra,OTP_SCAM,1,Bank of Baroda,1,7,0,12
CMP01256,Pune,91261.9,2,Axis Bank,TECH_SUPPORT_SCAM,6,SBI,4,52,3,15
CMP01257,Hyderabad,11959.92,1,Yes Bank,LOTTERY_FRAUD,6,PNB,9,22,6,13
CMP01258,Pune,26407.34,1,Kotak Mahindra,OTP_SCAM,7,SBI,19,72,3,12
CMP01259,Mumbai,892201.06,4,HDFC Bank,LOTTERY_FRAUD,1,Canara Bank,8,68,0,16
CMP01260,Hyderabad,598757.78,4,Axis Bank,OTP_SCAM,9,PNB,7,67,1,12
CMP01261,Hyderabad,37865.78,1,ICICI Bank,IMPERSONATION,11,PNB,19,38,5,9
CMP01262,Hyderabad,163471.92,2,ICICI Bank,IMPERSONATION,4,SBI,4,48,5,16
CMP01263,Chennai,44937.77,1,HDFC Bank,IMPERSONATION,5,Canara Bank,12,38,5,15
CMP01264,Delhi,105357.14,2,ICICI Bank,LOAN_FRAUD,4,Bank of Baroda,17,24,2,0
CMP01265,Jaipur,179462.63,2,Kotak Mahindra,KYC_UPDATE,7,Canara Bank,16,68,4,0
CMP01266,Surat,30038.79,1,HDFC Bank,INVESTMENT_SCAM,4,Canara Bank,5,36,2,4
CMP01267,Patna,35563.25,1,HDFC Bank,JOB_FRAUD,1,Canara Bank,9,31,1,6
CMP01268,Chennai,38355.12,1,Yes Bank,TECH_SUPPORT_SCAM,10,Canara Bank,12,29,6,15
CMP01269,Surat,45143.86,1,Yes Bank,KYC_UPDATE,9,Bank of Baroda,3,70,0,14
CMP01270,Pune,35761.13,1,ICICI Bank,KYC_UPDATE,4,Bank of Baroda,7,6,3,2
CMP01271,Patna,276246.23,3,Yes Bank,KYC_UPDATE,6,Bank of Baroda,16,53,6,17
CMP01272,Kolkata,23383.54,1,ICICI Bank,OTP_SCAM,1,SBI,13,15,4,16
CMP01273,Surat,124602.75,2,Kotak Mahindra,INVESTMENT_SCAM,8,Canara Bank,23,37,6,3
CMP01274,Delhi,41683.3,1,Yes Bank,IMPERSONATION,7,PNB,4,8,0,14
CMP01275,Mumbai,31195.54,1,Yes Bank,LOAN_FRAUD,4,Canara Bank,10,4,4,13
CMP01276,Surat,72182.35,2,ICICI Bank,LOTTERY_FRAUD,10,PNB,7,58,2,12
CMP01277,Hyderabad,26289.92,1,HDFC Bank,KYC_UPDATE,3,Canara Bank,23,6,6,14
CMP01278,Jaipur,795005.72,4,Kotak Mahindra,INVESTMENT_SCAM,7,Bank of Baroda,16,13,0,13
CMP01279,Delhi,104198.32,2,ICICI Bank,OTP_SCAM,9,SBI,12,12,6,0
CMP01280,Kolkata,370282.76,3,Kotak Mahindra,IMPERSONATION,6,SBI,5,28,2,11
CMP01281,Ahmedabad,14350.95,1,Yes Bank,OTP_SCAM,3,Indian Bank,20,63,3,4
CMP01282,Lucknow,292662.85,3,Axis Bank,INVESTMENT_SCAM,12,Canara Bank,9,71,0,14
CMP01283,Bengaluru,186908.64,2,Axis Bank,INVESTMENT_SCAM,8,PNB,23,68,1,18
CMP01284,Patna,117730.08,2,HDFC Bank,TECH_SUPPORT_SCAM,2,SBI,22,3,4,16
CMP01285,Patna,17271.12,1,Yes Bank,TECH_SUPPORT_SCAM,5,SBI,0,58,2,15
CMP01286,Patna,32107.94,1,Yes Bank,IMPERSONATION,11,Bank of Baroda,19,59,0,9
CMP01287,Lucknow,135314.18,2,Axis Bank,LOTTERY_FRAUD,7,Indian Bank,4,43,4,16
CMP01288,Patna,66253.23,2,Yes Bank,LOAN_FRAUD,3,PNB,7,38,6,13
CMP01289,Ahmedabad,25919.75,1,Yes Bank,OTP_SCAM,9,SBI,3,59,6,12
CMP01290,Surat,779521.02,4,ICICI Bank,LOTTERY_FRAUD,9,Canara Bank,16,29,2,13
CMP01291,Lucknow,197140.5,2,ICICI Bank,INVESTMENT_SCAM,1,Indian Bank,0,45,3,3
CMP01292,Surat,31970.09,1,Yes Bank,LOTTERY_FRAUD,7,Indian Bank,4,52,4,17
CMP01293,Ahmedabad,25131.84,1,Axis Bank,LOTTERY_FRAUD,9,SBI,13,10,6,13
CMP01294,Mumbai,23474.1,1,ICICI Bank,IMPERSONATION,9,PNB,3,33,6,15
CMP01295,Chennai,45959.76,1,Yes Bank,LOTTERY_FRAUD,9,Canara Bank,0,22,3,0
CMP01296,Pune,45409.35,1,Yes Bank,OTP_SCAM,10,Bank of Baroda,2,8,0,12
CMP01297,Mumbai,48779.7,1,HDFC Bank,INVESTMENT_SCAM,10,PNB,0,7,0,18
CMP01298,Hyderabad,28125.48,1,Yes Bank,KYC_UPDATE,12,SBI,5,67,1,14
CMP01299,Pune,35500.12,1,ICICI Bank,IMPERSONATION,12,SBI,8,3,3,9
CMP01300,Kolkata,164444.95,2,HDFC Bank,IMPERSONATION,3,Bank of Baroda,13,17,4,14
CMP01301,Surat,652337.1,4,Kotak Mahindra,JOB_FRAUD,1,Bank of Baroda,19,9,6,0
CMP01302,Lucknow,358751.4,3,Yes Bank,IMPERSONATION,2,Canara Bank,14,30,0,10
CMP01303,Surat,521049.84,4,ICICI Bank,TECH_SUPPORT_SCAM,6,PNB,14,70,0,15
CMP01304,Mumbai,18754.84,1,Yes Bank,KYC_UPDATE,1,PNB,13,31,6,17
CMP01305,Jaipur,500784.89,4,Kotak Mahindra,LOTTERY_FRAUD,10,Indian Bank,6,28,3,13
CMP01306,Hyderabad,891646.38,4,Yes Bank,LOAN_FRAUD,12,SBI,10,7,1,9
CMP01307,Mumbai,389206.01,3,Kotak Mahindra,OTP_SCAM,5,Canara Bank,6,33,6,13
CMP01308,Jaipur,260142.85,3,Kotak Mahindra,LOTTERY_FRAUD,3,Indian Bank,5,12,3,18
CMP01309,Mumbai,535894.18,4,ICICI Bank,LOTTERY_FRAUD,9,Canara Bank,18,70,2,15
CMP01310,Chennai,14599.42,1,Kotak Mahindra,JOB_FRAUD,9,PNB,16,23,4,16
CMP01311,Bengaluru,218334.95,3,ICICI Bank,OTP_SCAM,8,Indian Bank,22,70,5,13
CMP01312,Jaipur,26203.39,1,HDFC Bank,JOB_FRAUD,8,Bank of Baroda,4,2,2,12
CMP01313,Mumbai,99183.59,2,ICICI Bank,LOTTERY_FRAUD,4,PNB,5,12,3,13
CMP01314,Bengaluru,110740.2,2,Yes Bank,OTP_SCAM,2,Bank of Baroda,4,10,4,12
CMP01315,Bengaluru,193233.68,2,Yes Bank,LOTTERY_FRAUD,8,Bank of Baroda,17,69,6,13
CMP01316,Lucknow,55668.22,2,HDFC Bank,LOAN_FRAUD,3,PNB,10,5,4,12
CMP01317,Lucknow,100658.14,2,Axis Bank,LOAN_FRAUD,5,PNB,23,66,4,2
CMP01318,Bengaluru,42410.38,1,Kotak Mahindra,LOAN_FRAUD,9,Indian Bank,1,57,0,12
CMP01319,Jaipur,48884.38,1,Kotak Mahindra,IMPERSONATION,4,Bank of Baroda,5,4,4,15
CMP01320,Surat,25378.98,1,Kotak Mahindra,KYC_UPDATE,10,Bank of Baroda,4,56,4,14
CMP01321,Lucknow,230543.94,3,Yes Bank,TECH_SUPPORT_SCAM,8,PNB,20,69,2,15
CMP01322,Pune,182453.07,2,ICICI Bank,LOTTERY_FRAUD,1,Canara Bank,21,47,6,12
CMP01323,Pune,14993.02,1,Kotak Mahindra,TECH_SUPPORT_SCAM,1,Indian Bank,8,70,1,10
CMP01324,Hyderabad,33743.8,1,Axis Bank,TECH_SUPPORT_SCAM,9,PNB,6,18,2,9
CMP01325,Pune,33042.13,1,ICICI Bank,LOTTERY_FRAUD,11,PNB,8,51,6,6
CMP01326,Bengaluru,37221.18,1,Kotak Mahindra,KYC_UPDATE,5,PNB,10,24,4,15
CMP01327,Bengaluru,47842.59,1,Kotak Mahindra,LOTTERY_FRAUD,10,PNB,7,29,2,13
CMP01328,Chennai,105384.71,2,Yes Bank,KYC_UPDATE,9,SBI,0,63,4,15
CMP01329,Patna,20468.28,1,Axis Bank,OTP_SCAM,11,Bank of Baroda,0,25,2,12
CMP01330,Jaipur,30861.7,1,Yes Bank,KYC_UPDATE,3,Bank of Baroda,22,43,4,14
CMP01331,Chennai,28147.07,1,Kotak Mahindra,TECH_SUPPORT_SCAM,2,Canara Bank,10,42,1,14
CMP01332,Patna,192593.41,2,ICICI Bank,TECH_SUPPORT_SCAM,8,Bank of Baroda,3,31,6,18
CMP01333,Patna,170357.38,2,Axis Bank,OTP_SCAM,12,PNB,9,12,0,5
CMP01334,Ahmedabad,128558.15,2,Yes Bank,JOB_FRAUD,2,Indian Bank,17,8,4,4
CMP01335,Delhi,30570.23,1,Axis Bank,JOB_FRAUD,3,Canara Bank,17,45,3,18
CMP01336,Ahmedabad,41691.82,1,HDFC Bank,IMPERSONATION,10,Canara Bank,14,69,3,14
CMP01337,Surat,914536.77,4,Axis Bank,JOB_FRAUD,6,Indian Bank,8,70,5,13
CMP01338,Bengaluru,22181.67,1,Yes Bank,TECH_SUPPORT_SCAM,3,Canara Bank,19,16,0,13
CMP01339,Delhi,42064.86,1,ICICI Bank,TECH_SUPPORT_SCAM,1,SBI,11,30,4,15
CMP01340,Kolkata,10222.79,1,HDFC Bank,INVESTMENT_SCAM,6,Canara Bank,10,62,0,17
CMP01341,Pune,30792.36,1,HDFC Bank,LOTTERY_FRAUD,5,Canara Bank,19,50,3,13
CMP01342,Jaipur,168324.15,2,ICICI Bank,LOTTERY_FRAUD,8,Bank of Baroda,23,38,5,13
CMP01343,Bengaluru,47988.13,1,Yes Bank,LOTTERY_FRAUD,6,PNB,2,68,1,5
CMP01344,Surat,34263.17,1,ICICI Bank,KYC_UPDATE,2,PNB,20,1,5,14
CMP01345,Surat,20495.61,1,HDFC Bank,IMPERSONATION,9,SBI,5,27,5,15
CMP01346,Jaipur,28241.1,1,Kotak Mahindra,LOTTERY_FRAUD,12,Indian Bank,5,45,3,12
CMP01347,Jaipur,191320.66,2,ICICI Bank,LOAN_FRAUD,3,Bank of Baroda,10,19,4,14
CMP01348,Pune,12123.86,1,Yes Bank,IMPERSONATION,12,PNB,5,57,0,14
CMP01349,Pune,159245.52,2,ICICI Bank,JOB_FRAUD,8,PNB,18,24,6,10
CMP01350,Kolkata,371278.8,3,ICICI Bank,LOTTERY_FRAUD,10,Indian Bank,13,22,0,10
CMP01351,Pune,19458.19,1,Axis Bank,KYC_UPDATE,9,PNB,5,42,5,14
CMP01352,Lucknow,38991.44,1,Axis Bank,TECH_SUPPORT_SCAM,7,Canara Bank,14,64,1,18
CMP01353,Delhi,136641.34,2,Yes Bank,INVESTMENT_SCAM,5,Canara Bank,15,15,1,18
CMP01354,Delhi,16483.58,1,ICICI Bank,JOB_FRAUD,3,Indian Bank,10,32,5,14
CMP01355,Surat,172625.04,2,HDFC Bank,JOB_FRAUD,8,PNB,4,72,4,18
CMP01356,Kolkata,179446.72,2,Axis Bank,KYC_UPDATE,12,Bank of Baroda,17,25,1,14
CMP01357,Patna,32756.85,1,Kotak Mahindra,JOB_FRAUD,9,Indian Bank,11,27,5,11
CMP01358,Kolkata,838953.64,4,ICICI Bank,TECH_SUPPORT_SCAM,7,Indian Bank,1,26,0,18
CMP01359,Pune,28408.59,1,HDFC Bank,IMPERSONATION,10,Indian Bank,11,21,1,18
CMP01360,Delhi,159465.03,2,ICICI Bank,KYC_UPDATE,3,Indian Bank,18,45,5,15
CMP01361,Hyderabad,79449.89,2,Yes Bank,JOB_FRAUD,1,PNB,0,54,3,13
CMP01362,Patna,16037.27,1,HDFC Bank,KYC_UPDATE,7,PNB,4,15,1,17
CMP01363,Jaipur,161903.16,2,ICICI Bank,IMPERSONATION,2,SBI,2,15,0,14
CMP01364,Delhi,15439.47,1,HDFC Bank,LOTTERY_FRAUD,12,Indian Bank,10,68,6,6
CMP01365,Delhi,23492.53,1,Axis Bank,INVESTMENT_SCAM,4,Indian Bank,17,2,5,17
CMP01366,Kolkata,10908.38,1,Axis Bank,KYC_UPDATE,2,PNB,17,51,5,15
CMP01367,Kolkata,10684.6,1,ICICI Bank,TECH_SUPPORT_SCAM,5,Indian Bank,18,25,5,11
CMP01368,Mumbai,139430.41,2,HDFC Bank,IMPERSONATION,12,PNB,4,64,6,14
CMP01369,Mumbai,24360.64,1,ICICI Bank,JOB_FRAUD,4,Canara Bank,10,70,2,18
CMP01370,Hyderabad,29274.1,1,HDFC Bank,OTP_SCAM,1,PNB,1,55,0,12
CMP01371,Lucknow,34776.99,1,Kotak Mahindra,INVESTMENT_SCAM,1,Canara Bank,14,11,3,17
CMP01372,Chennai,47806.1,1,ICICI Bank,IMPERSONATION,5,PNB,3,44,2,14
CMP01373,Surat,10674.41,1,Axis Bank,INVESTMENT_SCAM,4,SBI,11,52,3,17
CMP01374,Ahmedabad,33604.92,1,Axis Bank,TECH_SUPPORT_SCAM,2,Indian Bank,11,48,2,15
CMP01375,Jaipur,10109.28,1,HDFC Bank,LOAN_FRAUD,5,PNB,1,72,0,16
CMP01376,Delhi,133076.5,2,ICICI Bank,KYC_UPDATE,12,SBI,3,58,3,14
CMP01377,Ahmedabad,13897.13,1,Yes Bank,LOTTERY_FRAUD,9,SBI,23,47,3,13
CMP01378,Bengaluru,11698.02,1,HDFC Bank,KYC_UPDATE,2,Bank of Baroda,14,14,1,17
CMP01379,Mumbai,963110.01,4,HDFC Bank,TECH_SUPPORT_SCAM,6,Canara Bank,15,39,1,5
CMP01380,Surat,17269.03,1,ICICI Bank,KYC_UPDATE,1,SBI,17,68,5,15
CMP01381,Jaipur,23350.51,1,HDFC Bank,LOAN_FRAUD,2,PNB,21,26,4,13
CMP01382,Ahmedabad,12562.98,1,Kotak Mahindra,IMPERSONATION,2,PNB,7,18,5,0
CMP01383,Delhi,22424.05,1,Axis Bank,OTP_SCAM,7,Bank of Baroda,10,4,6,12
CMP01384,Patna,229880.59,3,Kotak Mahindra,JOB_FRAUD,2,Bank of Baroda,23,34,4,13
CMP01385,Patna,156159.34,2,HDFC Bank,LOAN_FRAUD,4,Canara Bank,10,23,0,16
CMP01386,Patna,516000.17,4,Axis Bank,OTP_SCAM,8,Indian Bank,19,68,3,16
CMP01387,Jaipur,26583.05,1,Yes Bank,INVESTMENT_SCAM,11,Bank of Baroda,19,72,5,15
CMP01388,Kolkata,588017.11,4,ICICI Bank,KYC_UPDATE,5,Bank of Baroda,18,35,1,14
CMP01389,Kolkata,21564.24,1,ICICI Bank,IMPERSONATION,11,Indian Bank,18,15,4,14
CMP01390,Kolkata,12039.23,1,Kotak Mahindra,LOAN_FRAUD,1,PNB,14,70,6,12
CMP01391,Kolkata,185290.46,2,HDFC Bank,OTP_SCAM,2,Canara Bank,17,11,1,16
CMP01392,Mumbai,130625.27,2,HDFC Bank,LOTTERY_FRAUD,1,Bank of Baroda,20,38,5,17
CMP01393,Hyderabad,14809.72,1,Axis Bank,IMPERSONATION,3,Indian Bank,11,67,4,7
CMP01394,Lucknow,12468.58,1,Axis Bank,JOB_FRAUD,1,Bank of Baroda,0,34,4,16
CMP01395,Pune,13405.12,1,HDFC Bank,JOB_FRAUD,4,PNB,19,52,0,2
CMP01396,Lucknow,139985.26,2,Kotak Mahindra,LOTTERY_FRAUD,5,Indian Bank,13,72,4,13
CMP01397,Pune,19173.49,1,HDFC Bank,JOB_FRAUD,1,Canara Bank,3,34,6,13
CMP01398,Bengaluru,146349.02,2,Kotak Mahindra,KYC_UPDATE,8,SBI,5,63,2,17
CMP01399,Surat,119035.92,2,Kotak Mahindra,TECH_SUPPORT_SCAM,2,Canara Bank,21,51,1,15
CMP01400,Patna,20593.25,1,Kotak Mahindra,LOAN_FRAUD,9,Bank of Baroda,19,55,0,9
CMP01401,Mumbai,14088.39,1,Kotak Mahindra,LOTTERY_FRAUD,3,SBI,4,21,2,13
CMP01402,Lucknow,32954.81,1,Yes Bank,LOAN_FRAUD,1,PNB,7,35,4,16
CMP01403,Patna,516150.82,4,HDFC Bank,INVESTMENT_SCAM,3,Bank of Baroda,4,68,3,18
CMP01404,Patna,49948.43,1,HDFC Bank,OTP_SCAM,5,SBI,3,32,2,16
CMP01405,Surat,38788.58,1,Kotak Mahindra,INVESTMENT_SCAM,4,SBI,0,44,1,1
CMP01406,Bengaluru,41190.35,1,Yes Bank,LOAN_FRAUD,2,Indian Bank,22,3,1,13
CMP01407,Kolkata,22715.35,1,Axis Bank,JOB_FRAUD,10,SBI,1,25,5,18
CMP01408,Mumbai,30631.49,1,Kotak Mahindra,IMPERSONATION,12,Bank of Baroda,22,34,4,1
CMP01409,Ahmedabad,13184.78,1,Kotak Mahindra,OTP_SCAM,3,Indian Bank,8,53,4,3
CMP01410,Bengaluru,192077.74,2,Yes Bank,INVESTMENT_SCAM,7,PNB,17,55,4,17
CMP01411,Surat,30268.93,1,Yes Bank,IMPERSONATION,8,Indian Bank,18,40,5,2
CMP01412,Bengaluru,57395.08,2,Yes Bank,TECH_SUPPORT_SCAM,6,Canara Bank,3,18,5,15
CMP01413,Bengaluru,14535.54,1,ICICI Bank,JOB_FRAUD,12,Bank of Baroda,15,11,3,18
CMP01414,Chennai,38374.27,1,Kotak Mahindra,IMPERSONATION,4,Canara Bank,4,13,4,15
CMP01415,Ahmedabad,36242.56,1,Kotak Mahindra,OTP_SCAM,1,SBI,18,39,6,16
CMP01416,Delhi,91095.75,2,Axis Bank,LOTTERY_FRAUD,7,Bank of Baroda,23,72,4,12
CMP01417,Bengaluru,41620.12,1,Kotak Mahindra,OTP_SCAM,3,Canara Bank,9,41,3,15
CMP01418,Bengaluru,48119.65,1,Yes Bank,JOB_FRAUD,10,SBI,10,29,1,0
CMP01419,Kolkata,181382.85,2,ICICI Bank,IMPERSONATION,5,Canara Bank,4,24,6,9
CMP01420,Mumbai,84335.32,2,Kotak Mahindra,OTP_SCAM,10,Canara Bank,1,2,5,13
CMP01421,Kolkata,48531.16,1,HDFC Bank,LOTTERY_FRAUD,3,PNB,14,55,3,12
CMP01422,Kolkata,14146.25,1,Axis Bank,IMPERSONATION,2,Indian Bank,5,36,5,2
CMP01423,Lucknow,199006.03,2,Axis Bank,TECH_SUPPORT_SCAM,9,Indian Bank,0,69,0,14
CMP01424,Surat,13165.29,1,Kotak Mahindra,JOB_FRAUD,3,Indian Bank,18,46,3,0
CMP01425,Jaipur,145789.11,2,ICICI Bank,LOAN_FRAUD,5,Bank of Baroda,13,10,1,5
CMP01426,Chennai,182674.69,2,Yes Bank,OTP_SCAM,4,Canara Bank,10,30,3,16
CMP01427,Jaipur,49336.04,1,Yes Bank,OTP_SCAM,11,Canara Bank,16,23,2,16
CMP01428,Hyderabad,47782.91,1,Axis Bank,TECH_SUPPORT_SCAM,1,Canara Bank,8,40,5,14
CMP01429,Surat,47778.57,1,ICICI Bank,TECH_SUPPORT_SCAM,2,PNB,4,58,2,15
CMP01430,Jaipur,21738.79,1,Kotak Mahindra,KYC_UPDATE,4,Bank of Baroda,20,22,3,14
CMP01431,Mumbai,31716.08,1,Kotak Mahindra,LOTTERY_FRAUD,12,Canara Bank,2,50,1,8
CMP01432,Surat,168923.93,2,ICICI Bank,TECH_SUPPORT_SCAM,7,SBI,7,42,5,15
CMP01433,Bengaluru,46833.3,1,ICICI Bank,INVESTMENT_SCAM,1,Canara Bank,22,14,4,15
CMP01434,Lucknow,101801.06,2,Axis Bank,JOB_FRAUD,2,Indian Bank,5,36,2,13
CMP01435,Hyderabad,31403.21,1,Kotak Mahindra,LOAN_FRAUD,9,SBI,11,9,3,12
CMP01436,Delhi,15883.34,1,Axis Bank,KYC_UPDATE,11,PNB,14,65,4,17
CMP01437,Patna,164650.13,2,Yes Bank,IMPERSONATION,3,Indian Bank,19,8,2,10
CMP01438,Patna,27976.57,1,ICICI Bank,JOB_FRAUD,2,Bank of Baroda,4,33,3,18
CMP01439,Kolkata,147304.62,2,Axis Bank,LOAN_FRAUD,4,PNB,18,58,1,12
CMP01440,Mumbai,42676.46,1,Yes Bank,LOTTERY_FRAUD,1,Bank of Baroda,18,27,1,13
CMP01441,Kolkata,52235.42,2,ICICI Bank,INVESTMENT_SCAM,1,SBI,7,23,0,17
CMP01442,Ahmedabad,606338.55,4,Kotak Mahindra,JOB_FRAUD,1,SBI,20,72,6,13
CMP01443,Delhi,25348.64,1,Yes Bank,KYC_UPDATE,5,SBI,2,37,0,7
CMP01444,Bengaluru,11894.59,1,ICICI Bank,LOAN_FRAUD,10,SBI,15,36,3,17
CMP01445,Chennai,138305.24,2,Axis Bank,LOTTERY_FRAUD,7,Canara Bank,21,13,0,13
CMP01446,Ahmedabad,91842.16,2,ICICI Bank,JOB_FRAUD,6,SBI,10,49,3,10
CMP01447,Surat,734753.57,4,HDFC Bank,OTP_SCAM,7,Bank of Baroda,13,35,0,16
CMP01448,Hyderabad,198967.63,2,HDFC Bank,TECH_SUPPORT_SCAM,12,SBI,7,37,0,17
CMP01449,Mumbai,34744.55,1,Kotak Mahindra,TECH_SUPPORT_SCAM,10,Indian Bank,1,67,4,14
CMP01450,Ahmedabad,25116.83,1,Yes Bank,IMPERSONATION,5,PNB,23,52,1,15
CMP01451,Lucknow,35411.16,1,Kotak Mahindra,INVESTMENT_SCAM,9,Indian Bank,3,61,4,15
CMP01452,Bengaluru,24520.85,1,HDFC Bank,KYC_UPDATE,10,Canara Bank,2,59,3,17
CMP01453,Delhi,164600.08,2,HDFC Bank,LOTTERY_FRAUD,7,PNB,11,59,6,16
CMP01454,Ahmedabad,10233.77,1,HDFC Bank,LOTTERY_FRAUD,2,Canara Bank,18,48,1,14
CMP01455,Bengaluru,28276.73,1,Yes Bank,TECH_SUPPORT_SCAM,2,Canara Bank,22,12,5,15
CMP01456,Ahmedabad,36918.97,1,Yes Bank,LOAN_FRAUD,2,PNB,20,71,1,18
CMP01457,Kolkata,34126.34,1,Kotak Mahindra,IMPERSONATION,3,Canara Bank,15,43,4,15
CMP01458,Surat,32142.08,1,Axis Bank,LOAN_FRAUD,3,Canara Bank,21,38,2,12
CMP01459,Lucknow,43782.56,1,ICICI Bank,IMPERSONATION,10,SBI,11,64,6,0
CMP01460,Mumbai,111501.31,2,Kotak Mahindra,OTP_SCAM,12,PNB,1,59,1,12
CMP01461,Kolkata,183113.62,2,Yes Bank,JOB_FRAUD,9,PNB,8,1,0,13
CMP01462,Surat,49747.43,1,Axis Bank,LOTTERY_FRAUD,4,Bank of Baroda,2,50,4,11
CMP01463,Jaipur,713184.34,4,HDFC Bank,OTP_SCAM,6,SBI,1,12,0,12
CMP01464,Mumbai,39901.26,1,HDFC Bank,JOB_FRAUD,3,Canara Bank,1,47,1,14
CMP01465,Patna,12835.21,1,ICICI Bank,OTP_SCAM,1,PNB,13,41,5,13
CMP01466,Lucknow,154869.03,2,Yes Bank,KYC_UPDATE,9,Canara Bank,7,19,6,15
CMP01467,Ahmedabad,48262.0,1,Axis Bank,INVESTMENT_SCAM,10,PNB,3,53,6,16
CMP01468,Jaipur,46067.86,1,ICICI Bank,LOTTERY_FRAUD,9,Canara Bank,23,10,0,4
CMP01469,Lucknow,60308.11,2,Yes Bank,TECH_SUPPORT_SCAM,4,Bank of Baroda,9,28,6,11
CMP01470,Hyderabad,72707.59,2,Yes Bank,JOB_FRAUD,6,PNB,16,8,3,17
CMP01471,Delhi,18761.18,1,Kotak Mahindra,IMPERSONATION,4,Bank of Baroda,22,33,2,16
CMP01472,Lucknow,107393.76,2,Axis Bank,INVESTMENT_SCAM,6,PNB,20,39,3,17
CMP01473,Bengaluru,189051.8,2,Axis Bank,OTP_SCAM,8,SBI,22,7,3,16
CMP01474,Mumbai,17310.89,1,Axis Bank,TECH_SUPPORT_SCAM,3,Bank of Baroda,0,5,4,10
CMP01475,Delhi,49604.51,1,Kotak Mahindra,KYC_UPDATE,12,Canara Bank,3,30,0,3
CMP01476,Lucknow,215277.29,3,Kotak Mahindra,JOB_FRAUD,10,SBI,10,38,5,12
CMP01477,Pune,38683.47,1,ICICI Bank,OTP_SCAM,11,PNB,11,30,2,8
CMP01478,Pune,77336.13,2,ICICI Bank,KYC_UPDATE,2,SBI,10,46,6,0
CMP01479,Ahmedabad,18583.95,1,HDFC Bank,LOTTERY_FRAUD,6,SBI,23,24,2,18
CMP01480,Jaipur,11753.04,1,Yes Bank,LOAN_FRAUD,1,Canara Bank,15,13,6,12
CMP01481,Patna,138483.08,2,Yes Bank,JOB_FRAUD,6,SBI,11,4,1,18
CMP01482,Ahmedabad,818289.08,4,Axis Bank,OTP_SCAM,4,Indian Bank,0,27,5,3
CMP01483,Hyderabad,114261.24,2,Axis Bank,OTP_SCAM,1,PNB,16,37,0,13
CMP01484,Pune,193976.65,2,Axis Bank,INVESTMENT_SCAM,10,Indian Bank,11,45,6,11
CMP01485,Kolkata,12373.0,1,HDFC Bank,TECH_SUPPORT_SCAM,7,Canara Bank,15,2,5,14
CMP01486,Mumbai,20510.72,1,Yes Bank,OTP_SCAM,12,Bank of Baroda,22,31,3,16
CMP01487,Pune,37955.57,1,ICICI Bank,INVESTMENT_SCAM,5,Indian Bank,11,29,0,15
CMP01488,Kolkata,35315.32,1,Axis Bank,IMPERSONATION,1,Canara Bank,0,10,3,15
CMP01489,Kolkata,31489.56,1,Kotak Mahindra,LOAN_FRAUD,5,PNB,5,8,5,4
CMP01490,Chennai,39489.15,1,Axis Bank,INVESTMENT_SCAM,2,Canara Bank,1,6,5,13
CMP01491,Bengaluru,131152.08,2,ICICI Bank,OTP_SCAM,11,SBI,13,66,2,12
CMP01492,Ahmedabad,142439.95,2,Kotak Mahindra,KYC_UPDATE,4,Bank of Baroda,0,37,5,15
CMP01493,Bengaluru,39477.87,1,Yes Bank,JOB_FRAUD,2,PNB,13,40,1,18
CMP01494,Pune,24801.76,1,ICICI Bank,IMPERSONATION,12,SBI,16,24,0,15
CMP01495,Delhi,176278.06,2,Kotak Mahindra,LOTTERY_FRAUD,2,SBI,7,71,0,12
CMP01496,Pune,46415.43,1,Yes Bank,KYC_UPDATE,2,PNB,3,67,4,0
CMP01497,Patna,125469.93,2,HDFC Bank,TECH_SUPPORT_SCAM,2,Bank of Baroda,6,69,2,14
CMP01498,Patna,64129.46,2,Kotak Mahindra,TECH_SUPPORT_SCAM,3,Bank of Baroda,17,67,0,10
CMP01499,Jaipur,49163.58,1,Yes Bank,INVESTMENT_SCAM,4,Indian Bank,19,20,4,15
CMP01500,Lucknow,148603.48,2,Axis Bank,LOTTERY_FRAUD,5,Canara Bank,16,18,1,15
CMP01501,Delhi,21781.82,1,HDFC Bank,LOTTERY_FRAUD,9,PNB,4,30,1,1
CMP01502,Mumbai,723866.95,4,Axis Bank,LOAN_FRAUD,8,Canara Bank,23,17,5,3
CMP01503,Ahmedabad,155165.12,2,Axis Bank,KYC_UPDATE,10,Indian Bank,21,17,5,14
CMP01504,Pune,756702.84,4,ICICI Bank,OTP_SCAM,5,SBI,7,17,1,15
CMP01505,Kolkata,56214.33,2,HDFC Bank,TECH_SUPPORT_SCAM,6,PNB,4,65,0,15
CMP01506,Ahmedabad,245952.9,3,ICICI Bank,LOAN_FRAUD,11,SBI,22,30,6,13
CMP01507,Patna,40716.21,1,HDFC Bank,IMPERSONATION,9,Indian Bank,21,3,5,2
CMP01508,Pune,34324.74,1,HDFC Bank,IMPERSONATION,5,Bank of Baroda,5,68,1,14
CMP01509,Surat,108782.31,2,Yes Bank,INVESTMENT_SCAM,2,Canara Bank,4,11,6,3
CMP01510,Jaipur,32287.2,1,HDFC Bank,IMPERSONATION,1,Indian Bank,11,54,6,12
CMP01511,Delhi,16118.87,1,Kotak Mahindra,JOB_FRAUD,12,PNB,18,66,6,16
CMP01512,Patna,116146.29,2,Axis Bank,LOAN_FRAUD,5,Canara Bank,13,51,1,6
CMP01513,Patna,34180.74,1,Kotak Mahindra,INVESTMENT_SCAM,1,Canara Bank,5,59,1,18
CMP01514,Ahmedabad,404581.14,3,HDFC Bank,LOTTERY_FRAUD,5,SBI,13,18,6,17
CMP01515,Hyderabad,30529.52,1,ICICI Bank,TECH_SUPPORT_SCAM,11,SBI,1,69,5,14
CMP01516,Kolkata,34031.41,1,ICICI Bank,IMPERSONATION,12,Canara Bank,21,49,2,10
CMP01517,Kolkata,150006.57,2,Axis Bank,INVESTMENT_SCAM,3,Bank of Baroda,11,69,1,15
CMP01518,Surat,104876.65,2,ICICI Bank,OTP_SCAM,2,SBI,21,68,3,13
CMP01519,Jaipur,23233.01,1,Kotak Mahindra,TECH_SUPPORT_SCAM,11,Indian Bank,14,52,4,8
CMP01520,Chennai,28887.53,1,Axis Bank,TECH_SUPPORT_SCAM,7,PNB,8,51,3,16
CMP01521,Mumbai,17083.33,1,Kotak Mahindra,IMPERSONATION,5,PNB,9,48,0,14
CMP01522,Lucknow,139391.68,2,HDFC Bank,LOAN_FRAUD,3,Canara Bank,10,48,4,13
CMP01523,Mumbai,91427.58,2,ICICI Bank,LOTTERY_FRAUD,8,SBI,7,48,6,3
CMP01524,Kolkata,36707.91,1,Kotak Mahindra,LOAN_FRAUD,5,SBI,8,70,4,12
CMP01525,Hyderabad,58375.48,2,Axis Bank,KYC_UPDATE,4,Canara Bank,18,53,1,15
CMP01526,Pune,159630.6,2,HDFC Bank,KYC_UPDATE,9,SBI,15,68,6,14
CMP01527,Mumbai,47301.28,1,Axis Bank,KYC_UPDATE,8,Indian Bank,8,41,1,17
CMP01528,Ahmedabad,37211.05,1,Yes Bank,LOTTERY_FRAUD,5,Bank of Baroda,21,64,0,5
CMP01529,Surat,173053.37,2,Yes Bank,OTP_SCAM,6,Bank of Baroda,7,57,3,16
CMP01530,Pune,10136.21,1,Axis Bank,IMPERSONATION,4,Bank of Baroda,8,8,5,11
CMP01531,Jaipur,493990.11,3,Yes Bank,LOTTERY_FRAUD,1,SBI,20,67,5,1
CMP01532,Kolkata,22367.55,1,Kotak Mahindra,OTP_SCAM,12,PNB,10,60,5,6
CMP01533,Ahmedabad,32946.57,1,HDFC Bank,KYC_UPDATE,5,Indian Bank,3,28,6,17
CMP01534,Kolkata,34897.37,1,HDFC Bank,JOB_FRAUD,2,PNB,11,20,4,5
CMP01535,Patna,122695.95,2,ICICI Bank,OTP_SCAM,12,Indian Bank,7,45,1,11
CMP01536,Chennai,165628.67,2,ICICI Bank,INVESTMENT_SCAM,3,PNB,14,30,5,17
CMP01537,Hyderabad,184160.29,2,Axis Bank,OTP_SCAM,12,Bank of Baroda,7,46,1,13
CMP01538,Lucknow,46295.92,1,Axis Bank,KYC_UPDATE,8,SBI,17,59,0,15
CMP01539,Lucknow,10566.38,1,ICICI Bank,KYC_UPDATE,7,PNB,3,20,3,17
CMP01540,Surat,144540.03,2,HDFC Bank,LOTTERY_FRAUD,11,Bank of Baroda,22,34,4,12
CMP01541,Chennai,18392.81,1,Axis Bank,JOB_FRAUD,5,Bank of Baroda,6,20,1,16
CMP01542,Pune,16158.75,1,HDFC Bank,OTP_SCAM,5,Indian Bank,17,20,5,5
CMP01543,Surat,42842.12,1,Axis Bank,LOTTERY_FRAUD,1,Bank of Baroda,19,44,1,12
CMP01544,Pune,67211.06,2,Kotak Mahindra,INVESTMENT_SCAM,2,PNB,1,35,3,15
CMP01545,Chennai,44270.87,1,HDFC Bank,KYC_UPDATE,11,Bank of Baroda,9,16,5,14
CMP01546,Chennai,126307.7,2,Kotak Mahindra,KYC_UPDATE,7,PNB,9,52,1,17
CMP01547,Ahmedabad,29045.76,1,HDFC Bank,TECH_SUPPORT_SCAM,12,Canara Bank,11,41,2,15
CMP01548,Mumbai,40657.09,1,Kotak Mahindra,TECH_SUPPORT_SCAM,2,Canara Bank,21,44,2,15
CMP01549,Patna,29866.05,1,ICICI Bank,IMPERSONATION,6,Indian Bank,5,8,3,4
CMP01550,Hyderabad,60668.1,2,ICICI Bank,OTP_SCAM,3,Bank of Baroda,20,64,0,16
CMP01551,Hyderabad,38658.1,1,HDFC Bank,LOTTERY_FRAUD,10,PNB,19,52,3,13
CMP01552,Delhi,16598.95,1,Yes Bank,IMPERSONATION,8,Indian Bank,15,62,1,5
CMP01553,Jaipur,756362.3,4,Kotak Mahindra,LOTTERY_FRAUD,8,SBI,16,69,4,13
CMP01554,Chennai,80452.29,2,ICICI Bank,TECH_SUPPORT_SCAM,12,Indian Bank,19,12,5,10
CMP01555,Chennai,136732.76,2,HDFC Bank,LOAN_FRAUD,11,Indian Bank,10,24,1,12
CMP01556,Patna,122943.49,2,HDFC Bank,KYC_UPDATE,1,Canara Bank,12,35,2,15
CMP01557,Delhi,32450.5,1,HDFC Bank,JOB_FRAUD,3,SBI,12,40,2,16
CMP01558,Hyderabad,22380.38,1,Yes Bank,IMPERSONATION,10,Bank of Baroda,2,54,6,15
CMP01559,Hyderabad,24120.13,1,Axis Bank,OTP_SCAM,1,SBI,22,29,3,16
CMP01560,Patna,553103.54,4,Kotak Mahindra,LOAN_FRAUD,3,Indian Bank,3,46,1,13
CMP01561,Chennai,10318.28,1,HDFC Bank,TECH_SUPPORT_SCAM,10,Canara Bank,11,45,0,15
CMP01562,Pune,13134.53,1,ICICI Bank,IMPERSONATION,5,Bank of Baroda,10,38,4,18
CMP01563,Patna,27384.98,1,Kotak Mahindra,TECH_SUPPORT_SCAM,5,Canara Bank,9,43,6,18
CMP01564,Surat,109328.29,2,Axis Bank,LOAN_FRAUD,5,SBI,19,32,6,8
CMP01565,Patna,20785.57,1,Kotak Mahindra,LOAN_FRAUD,4,Canara Bank,13,34,0,17
CMP01566,Kolkata,26805.13,1,ICICI Bank,LOTTERY_FRAUD,10,SBI,19,62,5,18
CMP01567,Mumbai,998165.09,4,ICICI Bank,LOAN_FRAUD,2,PNB,18,58,1,12
CMP01568,Delhi,127785.82,2,Kotak Mahindra,JOB_FRAUD,5,Canara Bank,6,37,5,13
CMP01569,Bengaluru,68849.14,2,Kotak Mahindra,TECH_SUPPORT_SCAM,3,Indian Bank,7,2,0,14
CMP01570,Ahmedabad,134986.03,2,HDFC Bank,LOAN_FRAUD,12,PNB,0,19,5,3
CMP01571,Mumbai,179647.87,2,ICICI Bank,LOTTERY_FRAUD,6,Bank of Baroda,16,51,1,12
CMP01572,Lucknow,191657.28,2,Kotak Mahindra,OTP_SCAM,10,SBI,8,47,4,13
CMP01573,Ahmedabad,31681.59,1,ICICI Bank,IMPERSONATION,2,SBI,11,7,1,14
CMP01574,Kolkata,28300.77,1,ICICI Bank,IMPERSONATION,4,SBI,5,34,3,14
CMP01575,Chennai,37725.86,1,Kotak Mahindra,LOAN_FRAUD,7,Indian Bank,21,51,6,0
CMP01576,Lucknow,107214.36,2,Axis Bank,OTP_SCAM,10,PNB,18,7,1,2
CMP01577,Jaipur,49741.88,1,Axis Bank,JOB_FRAUD,8,SBI,9,27,6,18
CMP01578,Delhi,92049.64,2,ICICI Bank,TECH_SUPPORT_SCAM,9,PNB,12,44,1,18
CMP01579,Chennai,85065.97,2,ICICI Bank,INVESTMENT_SCAM,3,Indian Bank,4,3,1,17
CMP01580,Chennai,20145.56,1,HDFC Bank,INVESTMENT_SCAM,1,PNB,14,57,0,3
CMP01581,Jaipur,71299.17,2,Axis Bank,IMPERSONATION,8,SBI,15,45,6,7
CMP01582,Kolkata,47662.49,1,Axis Bank,OTP_SCAM,4,Canara Bank,5,30,5,13
CMP01583,Chennai,192614.2,2,HDFC Bank,LOTTERY_FRAUD,5,PNB,4,6,1,12
CMP01584,Mumbai,69860.41,2,Kotak Mahindra,OTP_SCAM,3,PNB,1,48,0,16
CMP01585,Pune,65238.54,2,Yes Bank,LOAN_FRAUD,12,Bank of Baroda,15,64,2,13
CMP01586,Patna,24390.43,1,Yes Bank,KYC_UPDATE,5,PNB,17,30,4,14
CMP01587,Pune,47245.36,1,Kotak Mahindra,LOTTERY_FRAUD,6,PNB,5,20,2,13
CMP01588,Ahmedabad,30285.33,1,Yes Bank,IMPERSONATION,12,Canara Bank,23,19,1,6
CMP01589,Patna,13438.11,1,HDFC Bank,JOB_FRAUD,2,PNB,1,16,4,13
CMP01590,Surat,161412.09,2,Axis Bank,INVESTMENT_SCAM,7,Indian Bank,1,10,3,15
CMP01591,Surat,14142.76,1,HDFC Bank,LOAN_FRAUD,10,PNB,19,33,5,10
CMP01592,Jaipur,29689.2,1,HDFC Bank,KYC_UPDATE,3,PNB,12,33,1,15
CMP01593,Delhi,25027.22,1,Axis Bank,LOTTERY_FRAUD,3,Canara Bank,12,42,5,18
CMP01594,Chennai,17820.08,1,ICICI Bank,IMPERSONATION,12,SBI,9,38,2,14
CMP01595,Lucknow,28585.0,1,Yes Bank,JOB_FRAUD,6,Indian Bank,5,2,6,13
CMP01596,Mumbai,117229.26,2,Yes Bank,TECH_SUPPORT_SCAM,4,Canara Bank,8,24,3,14
CMP01597,Patna,28094.02,1,Axis Bank,LOTTERY_FRAUD,4,Bank of Baroda,15,61,2,5
CMP01598,Patna,25974.7,1,ICICI Bank,TECH_SUPPORT_SCAM,7,SBI,17,11,1,4
CMP01599,Pune,320727.5,3,Axis Bank,OTP_SCAM,12,Indian Bank,9,15,0,13
CMP01600,Kolkata,155169.71,2,Yes Bank,OTP_SCAM,6,Canara Bank,12,30,3,16
CMP01601,Kolkata,76982.81,2,Yes Bank,IMPERSONATION,11,Canara Bank,13,49,0,15
CMP01602,Mumbai,36188.05,1,ICICI Bank,TECH_SUPPORT_SCAM,12,PNB,1,6,2,15
CMP01603,Pune,43153.43,1,HDFC Bank,KYC_UPDATE,3,PNB,2,48,5,17
CMP01604,Lucknow,29980.14,1,ICICI Bank,TECH_SUPPORT_SCAM,9,Bank of Baroda,12,39,0,14
CMP01605,Hyderabad,49552.87,1,Yes Bank,TECH_SUPPORT_SCAM,1,Indian Bank,4,1,0,5
CMP01606,Jaipur,128117.15,2,Yes Bank,JOB_FRAUD,4,Bank of Baroda,23,50,5,16
CMP01607,Patna,17211.7,1,Kotak Mahindra,KYC_UPDATE,4,PNB,19,19,5,4
CMP01608,Mumbai,12558.55,1,ICICI Bank,LOTTERY_FRAUD,1,PNB,9,21,4,3
CMP01609,Surat,155002.67,2,Kotak Mahindra,LOAN_FRAUD,10,Indian Bank,3,12,3,14
CMP01610,Ahmedabad,422148.06,3,Yes Bank,LOTTERY_FRAUD,10,Indian Bank,22,68,0,13
CMP01611,Surat,27279.64,1,Yes Bank,KYC_UPDATE,1,SBI,13,3,5,14
CMP01612,Delhi,23466.42,1,Axis Bank,OTP_SCAM,12,PNB,17,51,1,0
CMP01613,Pune,45451.84,1,HDFC Bank,TECH_SUPPORT_SCAM,3,Canara Bank,7,71,5,18
CMP01614,Patna,28044.07,1,ICICI Bank,IMPERSONATION,10,Indian Bank,17,56,1,13
CMP01615,Chennai,125240.25,2,ICICI Bank,INVESTMENT_SCAM,4,Indian Bank,12,27,1,13
CMP01616,Lucknow,930440.76,4,Axis Bank,KYC_UPDATE,11,SBI,12,23,3,14
CMP01617,Mumbai,30233.66,1,HDFC Bank,LOAN_FRAUD,4,SBI,5,26,1,4
CMP01618,Pune,479462.09,3,Yes Bank,KYC_UPDATE,12,Indian Bank,5,60,5,14
CMP01619,Surat,13798.88,1,HDFC Bank,TECH_SUPPORT_SCAM,8,Bank of Baroda,1,55,6,18
CMP01620,Pune,171982.8,2,Yes Bank,OTP_SCAM,2,Indian Bank,7,10,4,16
CMP01621,Mumbai,48797.48,1,Kotak Mahindra,IMPERSONATION,12,Indian Bank,13,69,5,9
CMP01622,Pune,198601.36,2,Kotak Mahindra,TECH_SUPPORT_SCAM,12,PNB,23,20,5,18
CMP01623,Kolkata,70754.87,2,Yes Bank,IMPERSONATION,10,Canara Bank,14,27,2,18
CMP01624,Bengaluru,27406.21,1,Axis Bank,LOTTERY_FRAUD,10,PNB,20,2,6,12
CMP01625,Jaipur,111800.86,2,Axis Bank,OTP_SCAM,3,Bank of Baroda,18,39,0,18
CMP01626,Jaipur,33811.56,1,HDFC Bank,IMPERSONATION,1,Indian Bank,9,64,2,18
CMP01627,Ahmedabad,34330.5,1,Axis Bank,LOAN_FRAUD,9,SBI,16,39,0,12
CMP01628,Lucknow,130465.22,2,Axis Bank,JOB_FRAUD,7,PNB,17,14,3,13
CMP01629,Hyderabad,35600.39,1,Axis Bank,LOAN_FRAUD,10,SBI,12,2,2,3
CMP01630,Kolkata,26008.59,1,Kotak Mahindra,OTP_SCAM,8,PNB,17,8,0,5
CMP01631,Lucknow,18857.58,1,Axis Bank,LOAN_FRAUD,9,Canara Bank,17,70,4,1
CMP01632,Jaipur,33800.18,1,Axis Bank,TECH_SUPPORT_SCAM,9,Indian Bank,15,34,6,3
CMP01633,Ahmedabad,557662.55,4,ICICI Bank,TECH_SUPPORT_SCAM,3,SBI,11,2,0,15
CMP01634,Pune,166783.14,2,Kotak Mahindra,IMPERSONATION,10,SBI,11,27,0,11
CMP01635,Hyderabad,78737.28,2,HDFC Bank,IMPERSONATION,5,Indian Bank,14,70,5,9
CMP01636,Jaipur,187097.09,2,Yes Bank,IMPERSONATION,9,SBI,0,16,4,15
CMP01637,Mumbai,68431.29,2,ICICI Bank,OTP_SCAM,6,Bank of Baroda,7,35,2,13
CMP01638,Ahmedabad,26877.58,1,Kotak Mahindra,OTP_SCAM,11,Canara Bank,12,48,1,12
CMP01639,Kolkata,115428.19,2,HDFC Bank,LOTTERY_FRAUD,6,Canara Bank,15,18,2,5
CMP01640,Kolkata,18618.19,1,HDFC Bank,LOTTERY_FRAUD,1,Indian Bank,20,38,3,8
CMP01641,Hyderabad,37389.37,1,Kotak Mahindra,JOB_FRAUD,5,Bank of Baroda,10,48,4,16
CMP01642,Mumbai,29563.96,1,ICICI Bank,LOTTERY_FRAUD,4,Indian Bank,2,18,2,12
CMP01643,Kolkata,109157.97,2,Yes Bank,KYC_UPDATE,1,SBI,21,24,0,2
CMP01644,Chennai,40896.04,1,ICICI Bank,JOB_FRAUD,8,Bank of Baroda,17,70,5,16
CMP01645,Lucknow,22210.95,1,Axis Bank,TECH_SUPPORT_SCAM,3,PNB,21,45,1,10
CMP01646,Ahmedabad,34597.91,1,HDFC Bank,KYC_UPDATE,6,Indian Bank,14,9,0,14
CMP01647,Hyderabad,22290.25,1,Yes Bank,TECH_SUPPORT_SCAM,5,SBI,15,30,6,15
CMP01648,Hyderabad,159837.3,2,Kotak Mahindra,LOTTERY_FRAUD,12,Indian Bank,3,60,0,12
CMP01649,Hyderabad,19254.72,1,Axis Bank,INVESTMENT_SCAM,4,Indian Bank,16,69,0,18
CMP01650,Mumbai,128174.85,2,HDFC Bank,IMPERSONATION,4,PNB,19,24,3,16
CMP01651,Lucknow,41776.16,1,Yes Bank,JOB_FRAUD,9,PNB,15,70,3,16
CMP01652,Bengaluru,37660.38,1,HDFC Bank,LOTTERY_FRAUD,3,Canara Bank,13,42,6,12
CMP01653,Lucknow,14295.2,1,HDFC Bank,JOB_FRAUD,9,SBI,13,62,1,16
CMP01654,Surat,16503.41,1,Kotak Mahindra,KYC_UPDATE,12,Bank of Baroda,12,9,2,15
CMP01655,Ahmedabad,33501.68,1,Kotak Mahindra,LOAN_FRAUD,6,Canara Bank,18,4,5,12
CMP01656,Chennai,866128.25,4,Yes Bank,JOB_FRAUD,9,SBI,21,44,1,18
CMP01657,Hyderabad,47515.32,1,ICICI Bank,LOAN_FRAUD,7,Canara Bank,16,39,4,14
CMP01658,Jaipur,183474.94,2,ICICI Bank,TECH_SUPPORT_SCAM,6,Indian Bank,10,45,6,14
CMP01659,Kolkata,119414.12,2,ICICI Bank,OTP_SCAM,8,SBI,17,10,6,16
CMP01660,Mumbai,129368.14,2,Kotak Mahindra,JOB_FRAUD,6,SBI,8,43,6,16
CMP01661,Jaipur,283848.92,3,ICICI Bank,IMPERSONATION,7,Indian Bank,5,28,5,16
CMP01662,Ahmedabad,34390.18,1,Yes Bank,TECH_SUPPORT_SCAM,2,SBI,15,69,0,18
CMP01663,Surat,175009.18,2,Yes Bank,OTP_SCAM,11,Indian Bank,14,60,4,13
CMP01664,Ahmedabad,106050.32,2,Yes Bank,IMPERSONATION,4,PNB,20,41,5,14
CMP01665,Pune,52996.28,2,Axis Bank,OTP_SCAM,3,PNB,23,16,0,16
CMP01666,Chennai,445899.02,3,Yes Bank,OTP_SCAM,10,PNB,20,41,2,16
CMP01667,Patna,169640.16,2,HDFC Bank,OTP_SCAM,6,Indian Bank,16,16,0,12
CMP01668,Chennai,23730.04,1,Kotak Mahindra,LOAN_FRAUD,7,PNB,22,68,3,13
CMP01669,Mumbai,110141.48,2,ICICI Bank,JOB_FRAUD,9,Canara Bank,7,27,2,13
CMP01670,Pune,981257.75,4,Axis Bank,OTP_SCAM,6,Indian Bank,13,12,2,13
CMP01671,Mumbai,29493.74,1,Axis Bank,INVESTMENT_SCAM,7,Bank of Baroda,5,46,2,3
CMP01672,Ahmedabad,690755.46,4,Axis Bank,KYC_UPDATE,7,PNB,21,18,6,14
CMP01673,Kolkata,26872.97,1,Kotak Mahindra,JOB_FRAUD,3,SBI,20,49,3,18
CMP01674,Lucknow,42680.01,1,HDFC Bank,LOTTERY_FRAUD,5,Bank of Baroda,21,53,0,14
CMP01675,Pune,145222.02,2,ICICI Bank,TECH_SUPPORT_SCAM,9,Canara Bank,9,53,6,18
CMP01676,Chennai,49205.17,1,Yes Bank,OTP_SCAM,1,Indian Bank,0,34,1,12
CMP01677,Lucknow,20823.53,1,HDFC Bank,LOTTERY_FRAUD,11,Canara Bank,3,68,6,13
CMP01678,Delhi,112758.36,2,Yes Bank,INVESTMENT_SCAM,10,Bank of Baroda,12,34,5,0
CMP01679,Kolkata,607318.01,4,Yes Bank,LOTTERY_FRAUD,5,Indian Bank,8,41,6,3
CMP01680,Bengaluru,68492.88,2,Yes Bank,INVESTMENT_SCAM,3,Bank of Baroda,8,26,0,15
CMP01681,Ahmedabad,18330.58,1,Axis Bank,KYC_UPDATE,4,SBI,16,67,0,14
CMP01682,Pune,82167.36,2,Axis Bank,JOB_FRAUD,4,Indian Bank,9,61,3,16
CMP01683,Surat,66907.56,2,HDFC Bank,INVESTMENT_SCAM,1,Indian Bank,11,25,4,13
CMP01684,Kolkata,20580.29,1,Yes Bank,OTP_SCAM,7,PNB,5,6,2,12
CMP01685,Patna,10292.91,1,HDFC Bank,KYC_UPDATE,8,Canara Bank,8,9,0,17
CMP01686,Mumbai,49913.23,1,Yes Bank,LOAN_FRAUD,3,PNB,7,71,5,15
CMP01687,Mumbai,28624.64,1,ICICI Bank,LOAN_FRAUD,5,PNB,18,72,3,13
CMP01688,Chennai,29840.36,1,ICICI Bank,IMPERSONATION,6,PNB,9,19,1,15
CMP01689,Ahmedabad,57742.65,2,HDFC Bank,LOTTERY_FRAUD,9,SBI,6,40,3,12
CMP01690,Delhi,27946.03,1,Kotak Mahindra,INVESTMENT_SCAM,3,SBI,20,22,0,4
CMP01691,Delhi,42103.51,1,Yes Bank,OTP_SCAM,4,Canara Bank,23,18,0,12
CMP01692,Delhi,54503.76,2,Axis Bank,OTP_SCAM,8,Bank of Baroda,3,64,1,16
CMP01693,Jaipur,40105.41,1,ICICI Bank,OTP_SCAM,8,Indian Bank,1,58,1,12
CMP01694,Patna,148262.9,2,HDFC Bank,IMPERSONATION,8,Indian Bank,15,19,1,15
CMP01695,Surat,16687.35,1,Kotak Mahindra,LOAN_FRAUD,8,SBI,2,61,6,13
CMP01696,Ahmedabad,93970.36,2,HDFC Bank,INVESTMENT_SCAM,4,PNB,4,24,2,17
CMP01697,Kolkata,415902.48,3,Axis Bank,OTP_SCAM,4,PNB,2,19,5,0
CMP01698,Hyderabad,10904.16,1,Kotak Mahindra,LOAN_FRAUD,3,Bank of Baroda,21,24,3,13
CMP01699,Chennai,28624.75,1,ICICI Bank,KYC_UPDATE,7,Bank of Baroda,9,72,0,4
CMP01700,Bengaluru,25290.6,1,Axis Bank,LOAN_FRAUD,9,Indian Bank,4,14,0,12
CMP01701,Kolkata,762494.95,4,Kotak Mahindra,KYC_UPDATE,7,Indian Bank,23,69,3,17
CMP01702,Kolkata,926283.68,4,ICICI Bank,IMPERSONATION,7,Bank of Baroda,16,68,2,15
CMP01703,Jaipur,11301.16,1,Yes Bank,INVESTMENT_SCAM,10,SBI,9,17,0,18
CMP01704,Patna,159554.34,2,Yes Bank,IMPERSONATION,7,PNB,4,26,6,14
CMP01705,Lucknow,231258.16,3,Kotak Mahindra,LOAN_FRAUD,8,Canara Bank,5,16,1,13
CMP01706,Hyderabad,51459.25,2,Kotak Mahindra,TECH_SUPPORT_SCAM,3,PNB,2,22,1,15
CMP01707,Delhi,164204.37,2,Axis Bank,LOTTERY_FRAUD,1,Canara Bank,0,8,0,13
CMP01708,Hyderabad,34487.46,1,Kotak Mahindra,INVESTMENT_SCAM,4,Bank of Baroda,0,67,4,17
CMP01709,Hyderabad,48197.8,1,HDFC Bank,KYC_UPDATE,1,Bank of Baroda,2,50,4,4
CMP01710,Kolkata,137295.84,2,Kotak Mahindra,INVESTMENT_SCAM,8,PNB,17,59,5,1
CMP01711,Delhi,43705.81,1,Yes Bank,IMPERSONATION,5,Canara Bank,2,71,3,15
CMP01712,Delhi,195866.13,2,HDFC Bank,INVESTMENT_SCAM,10,SBI,16,36,5,15
CMP01713,Surat,618713.1,4,ICICI Bank,KYC_UPDATE,2,Bank of Baroda,2,41,0,17
CMP01714,Bengaluru,447236.74,3,Yes Bank,LOAN_FRAUD,10,PNB,0,25,5,0
CMP01715,Bengaluru,26444.63,1,ICICI Bank,KYC_UPDATE,4,Canara Bank,14,42,3,8
CMP01716,Patna,38644.56,1,Axis Bank,LOAN_FRAUD,7,Bank of Baroda,3,8,4,0
CMP01717,Surat,46826.02,1,Yes Bank,LOTTERY_FRAUD,12,SBI,20,29,4,12
CMP01718,Ahmedabad,45489.7,1,ICICI Bank,LOTTERY_FRAUD,9,SBI,15,34,5,14
CMP01719,Bengaluru,47222.08,1,ICICI Bank,INVESTMENT_SCAM,5,Bank of Baroda,11,59,0,18
CMP01720,Lucknow,31958.08,1,ICICI Bank,KYC_UPDATE,12,Indian Bank,21,54,0,17
CMP01721,Patna,109637.41,2,HDFC Bank,TECH_SUPPORT_SCAM,11,Canara Bank,1,8,3,15
CMP01722,Ahmedabad,32462.3,1,Kotak Mahindra,LOAN_FRAUD,1,SBI,16,19,3,12
CMP01723,Kolkata,15003.74,1,Yes Bank,INVESTMENT_SCAM,2,Bank of Baroda,20,34,4,0
CMP01724,Surat,42595.87,1,Kotak Mahindra,JOB_FRAUD,6,Bank of Baroda,23,34,2,18
CMP01725,Kolkata,94976.86,2,Kotak Mahindra,LOTTERY_FRAUD,4,Bank of Baroda,0,14,4,0
CMP01726,Jaipur,88920.95,2,ICICI Bank,TECH_SUPPORT_SCAM,8,Canara Bank,11,72,3,18
CMP01727,Bengaluru,77490.93,2,HDFC Bank,LOTTERY_FRAUD,8,PNB,14,1,4,12
CMP01728,Surat,13063.54,1,Kotak Mahindra,TECH_SUPPORT_SCAM,3,PNB,19,57,3,14
CMP01729,Patna,149358.72,2,Axis Bank,LOAN_FRAUD,8,Bank of Baroda,18,8,5,12
CMP01730,Mumbai,49736.87,1,Yes Bank,IMPERSONATION,9,Canara Bank,4,17,1,15
CMP01731,Delhi,132152.56,2,Axis Bank,LOAN_FRAUD,12,Bank of Baroda,3,20,0,13
CMP01732,Patna,41426.19,1,Axis Bank,LOAN_FRAUD,6,PNB,0,52,5,13
CMP01733,Mumbai,13212.31,1,Yes Bank,KYC_UPDATE,4,Bank of Baroda,4,60,1,17
CMP01734,Hyderabad,21500.01,1,ICICI Bank,INVESTMENT_SCAM,11,Canara Bank,16,23,5,17
CMP01735,Lucknow,40965.26,1,HDFC Bank,IMPERSONATION,7,Bank of Baroda,11,13,6,14
CMP01736,Kolkata,91844.88,2,Axis Bank,KYC_UPDATE,4,Canara Bank,23,24,1,3
CMP01737,Delhi,539107.16,4,Axis Bank,IMPERSONATION,12,Indian Bank,7,64,1,16
CMP01738,Delhi,37954.69,1,HDFC Bank,IMPERSONATION,3,PNB,3,58,4,1
CMP01739,Mumbai,46759.34,1,Axis Bank,KYC_UPDATE,1,SBI,15,15,1,17
CMP01740,Patna,39968.6,1,Kotak Mahindra,KYC_UPDATE,7,Indian Bank,20,50,1,11
CMP01741,Surat,21395.81,1,Yes Bank,OTP_SCAM,2,Canara Bank,20,60,6,13
CMP01742,Mumbai,31204.37,1,ICICI Bank,KYC_UPDATE,6,Bank of Baroda,22,16,0,14
CMP01743,Jaipur,157258.83,2,ICICI Bank,OTP_SCAM,10,Bank of Baroda,14,15,3,12
CMP01744,Kolkata,40326.72,1,ICICI Bank,JOB_FRAUD,11,PNB,20,50,2,18
CMP01745,Bengaluru,133948.73,2,ICICI Bank,JOB_FRAUD,8,SBI,3,1,1,17
CMP01746,Pune,48811.22,1,Yes Bank,OTP_SCAM,6,Canara Bank,1,2,1,16
CMP01747,Kolkata,42969.62,1,ICICI Bank,INVESTMENT_SCAM,3,Bank of Baroda,12,5,6,12
CMP01748,Jaipur,25557.34,1,Axis Bank,TECH_SUPPORT_SCAM,11,Bank of Baroda,14,46,0,14
CMP01749,Patna,39432.0,1,Axis Bank,INVESTMENT_SCAM,2,PNB,13,39,6,18
CMP01750,Delhi,47640.68,1,ICICI Bank,JOB_FRAUD,6,PNB,20,67,6,18
CMP01751,Surat,136683.1,2,HDFC Bank,INVESTMENT_SCAM,9,Indian Bank,9,70,6,18
CMP01752,Delhi,42374.76,1,Axis Bank,OTP_SCAM,12,SBI,2,2,2,1
CMP01753,Mumbai,24589.14,1,Axis Bank,LOTTERY_FRAUD,7,SBI,22,71,3,12
CMP01754,Pune,13628.61,1,Yes Bank,INVESTMENT_SCAM,4,Canara Bank,0,42,0,8
CMP01755,Ahmedabad,42335.39,1,Axis Bank,JOB_FRAUD,8,PNB,13,16,2,13
CMP01756,Surat,185874.93,2,HDFC Bank,TECH_SUPPORT_SCAM,9,PNB,15,43,6,15
CMP01757,Lucknow,25055.22,1,HDFC Bank,JOB_FRAUD,6,Canara Bank,20,6,6,13
CMP01758,Chennai,21708.75,1,Kotak Mahindra,LOTTERY_FRAUD,3,SBI,23,48,6,12
CMP01759,Delhi,28427.7,1,Axis Bank,LOTTERY_FRAUD,8,SBI,1,65,3,12
CMP01760,Lucknow,82476.95,2,ICICI Bank,JOB_FRAUD,11,Bank of Baroda,15,41,2,16
CMP01761,Kolkata,125488.23,2,Kotak Mahindra,OTP_SCAM,2,Canara Bank,10,59,5,12
CMP01762,Bengaluru,49250.61,1,Axis Bank,LOTTERY_FRAUD,11,Bank of Baroda,14,24,4,12
CMP01763,Ahmedabad,36108.11,1,Kotak Mahindra,JOB_FRAUD,3,Canara Bank,12,27,1,18
CMP01764,Chennai,15534.53,1,Yes Bank,TECH_SUPPORT_SCAM,8,Bank of Baroda,19,17,1,13
CMP01765,Patna,169599.67,2,HDFC Bank,JOB_FRAUD,11,Bank of Baroda,16,67,3,18
CMP01766,Surat,23874.13,1,Axis Bank,OTP_SCAM,4,Canara Bank,0,68,6,12
CMP01767,Patna,27974.88,1,Kotak Mahindra,INVESTMENT_SCAM,6,SBI,8,2,2,17
CMP01768,Jaipur,28534.94,1,HDFC Bank,IMPERSONATION,9,Bank of Baroda,22,44,2,15
CMP01769,Chennai,121528.53,2,Yes Bank,OTP_SCAM,3,Canara Bank,12,17,3,5
CMP01770,Surat,14131.5,1,ICICI Bank,OTP_SCAM,11,PNB,2,60,6,13
CMP01771,Jaipur,21781.12,1,HDFC Bank,KYC_UPDATE,3,Bank of Baroda,19,70,2,15
CMP01772,Delhi,193303.09,2,Axis Bank,INVESTMENT_SCAM,2,PNB,0,27,4,5
CMP01773,Delhi,52087.13,2,ICICI Bank,LOTTERY_FRAUD,10,Bank of Baroda,8,24,5,12
CMP01774,Ahmedabad,45341.52,1,Yes Bank,OTP_SCAM,2,SBI,0,28,6,12
CMP01775,Jaipur,11315.93,1,HDFC Bank,INVESTMENT_SCAM,11,Canara Bank,18,26,1,15
CMP01776,Hyderabad,179453.82,2,Kotak Mahindra,LOAN_FRAUD,4,Indian Bank,14,21,4,13
CMP01777,Lucknow,226009.05,3,HDFC Bank,INVESTMENT_SCAM,4,Indian Bank,12,42,2,15
CMP01778,Surat,69083.08,2,Yes Bank,KYC_UPDATE,12,PNB,22,21,6,17
CMP01779,Patna,11910.32,1,HDFC Bank,LOTTERY_FRAUD,4,Bank of Baroda,18,55,0,12
CMP01780,Ahmedabad,132944.71,2,Axis Bank,JOB_FRAUD,8,PNB,9,46,1,16
CMP01781,Jaipur,42642.58,1,HDFC Bank,OTP_SCAM,9,Indian Bank,13,64,2,0
CMP01782,Delhi,65492.41,2,Yes Bank,LOTTERY_FRAUD,11,SBI,5,6,1,11
CMP01783,Chennai,32896.89,1,Yes Bank,LOAN_FRAUD,5,SBI,1,29,1,11
CMP01784,Chennai,395742.81,3,ICICI Bank,INVESTMENT_SCAM,1,PNB,2,6,1,10
CMP01785,Delhi,23505.78,1,HDFC Bank,TECH_SUPPORT_SCAM,12,Indian Bank,10,5,1,18
CMP01786,Surat,86840.49,2,ICICI Bank,LOAN_FRAUD,4,Indian Bank,5,38,6,12
CMP01787,Delhi,39616.76,1,Yes Bank,LOTTERY_FRAUD,6,SBI,20,30,0,12
CMP01788,Kolkata,162703.53,2,Yes Bank,KYC_UPDATE,8,SBI,12,41,6,17
CMP01789,Mumbai,13010.16,1,ICICI Bank,OTP_SCAM,8,PNB,14,40,4,12
CMP01790,Ahmedabad,134953.58,2,ICICI Bank,OTP_SCAM,5,Indian Bank,14,44,4,3
CMP01791,Kolkata,64981.18,2,Kotak Mahindra,LOTTERY_FRAUD,2,Bank of Baroda,11,30,5,12
CMP01792,Bengaluru,401499.61,3,ICICI Bank,JOB_FRAUD,11,Indian Bank,3,19,5,13
CMP01793,Jaipur,16333.57,1,ICICI Bank,KYC_UPDATE,1,SBI,23,69,2,14
CMP01794,Chennai,19210.87,1,ICICI Bank,OTP_SCAM,2,SBI,10,46,0,13
CMP01795,Mumbai,43652.65,1,Yes Bank,LOTTERY_FRAUD,5,SBI,16,57,3,14
CMP01796,Hyderabad,39649.96,1,Kotak Mahindra,LOTTERY_FRAUD,3,Indian Bank,4,20,0,8
CMP01797,Surat,47106.84,1,Yes Bank,TECH_SUPPORT_SCAM,10,SBI,0,39,6,18
CMP01798,Jaipur,904502.09,4,Kotak Mahindra,IMPERSONATION,4,Indian Bank,5,72,3,15
CMP01799,Bengaluru,27331.64,1,Kotak Mahindra,LOTTERY_FRAUD,11,Indian Bank,1,67,2,12
CMP01800,Bengaluru,16876.04,1,Kotak Mahindra,LOTTERY_FRAUD,3,Bank of Baroda,23,66,2,18
CMP01801,Bengaluru,160567.07,2,Axis Bank,LOTTERY_FRAUD,11,PNB,2,51,1,5
CMP01802,Delhi,41832.58,1,HDFC Bank,TECH_SUPPORT_SCAM,3,Indian Bank,20,52,1,9
CMP01803,Kolkata,20078.08,1,Yes Bank,JOB_FRAUD,4,Bank of Baroda,5,2,0,5
CMP01804,Chennai,17000.12,1,Axis Bank,LOTTERY_FRAUD,5,SBI,0,2,4,13
CMP01805,Kolkata,10009.87,1,Kotak Mahindra,IMPERSONATION,3,SBI,10,7,4,14
CMP01806,Jaipur,142178.48,2,Axis Bank,KYC_UPDATE,1,SBI,1,11,4,15
CMP01807,Kolkata,47985.51,1,ICICI Bank,LOTTERY_FRAUD,8,Canara Bank,7,49,6,13
CMP01808,Lucknow,98055.62,2,ICICI Bank,OTP_SCAM,8,Bank of Baroda,8,52,0,13
CMP01809,Jaipur,38348.46,1,Kotak Mahindra,OTP_SCAM,7,PNB,22,46,0,13
CMP01810,Kolkata,43046.49,1,ICICI Bank,JOB_FRAUD,7,Canara Bank,21,19,6,18
CMP01811,Ahmedabad,693774.53,4,HDFC Bank,INVESTMENT_SCAM,11,SBI,9,12,3,18
CMP01812,Bengaluru,357301.92,3,Axis Bank,IMPERSONATION,2,Canara Bank,5,60,3,15
CMP01813,Ahmedabad,20040.31,1,HDFC Bank,JOB_FRAUD,12,Bank of Baroda,9,24,4,8
CMP01814,Mumbai,32019.16,1,Kotak Mahindra,IMPERSONATION,6,Canara Bank,0,12,6,18
CMP01815,Kolkata,93054.67,2,Axis Bank,INVESTMENT_SCAM,1,PNB,7,57,2,15
CMP01816,Kolkata,23409.64,1,ICICI Bank,JOB_FRAUD,6,Canara Bank,6,65,6,16
CMP01817,Kolkata,19015.78,1,Axis Bank,OTP_SCAM,9,Canara Bank,4,54,4,13
CMP01818,Chennai,59482.89,2,Yes Bank,LOTTERY_FRAUD,12,Bank of Baroda,0,1,4,13
CMP01819,Jaipur,21141.09,1,Axis Bank,TECH_SUPPORT_SCAM,2,PNB,10,3,6,18
CMP01820,Jaipur,57486.64,2,Yes Bank,INVESTMENT_SCAM,5,SBI,15,53,5,18
CMP01821,Hyderabad,25007.06,1,ICICI Bank,LOAN_FRAUD,1,Bank of Baroda,17,58,6,13
CMP01822,Ahmedabad,163252.75,2,Kotak Mahindra,LOAN_FRAUD,11,PNB,12,71,6,2
CMP01823,Pune,30701.17,1,Axis Bank,TECH_SUPPORT_SCAM,9,SBI,19,5,0,18
CMP01824,Delhi,28176.88,1,Yes Bank,KYC_UPDATE,6,Canara Bank,17,50,0,14
CMP01825,Ahmedabad,19919.15,1,HDFC Bank,IMPERSONATION,1,Canara Bank,8,55,4,14
CMP01826,Jaipur,120650.48,2,Kotak Mahindra,IMPERSONATION,1,PNB,3,71,1,14
CMP01827,Jaipur,165664.6,2,Yes Bank,IMPERSONATION,2,Canara Bank,14,66,5,15
CMP01828,Pune,18209.85,1,Yes Bank,TECH_SUPPORT_SCAM,7,SBI,13,27,2,15
CMP01829,Delhi,145520.09,2,Axis Bank,IMPERSONATION,1,Canara Bank,18,18,1,14
CMP01830,Hyderabad,131759.76,2,Yes Bank,OTP_SCAM,12,Bank of Baroda,12,57,0,12
CMP01831,Mumbai,740932.83,4,Kotak Mahindra,OTP_SCAM,10,PNB,0,61,1,18
CMP01832,Lucknow,853120.87,4,Yes Bank,LOTTERY_FRAUD,11,SBI,5,63,0,12
CMP01833,Chennai,188308.25,2,Kotak Mahindra,INVESTMENT_SCAM,8,SBI,17,55,6,8
CMP01834,Ahmedabad,38718.53,1,Yes Bank,LOTTERY_FRAUD,3,Canara Bank,18,69,5,7
CMP01835,Pune,145960.05,2,ICICI Bank,KYC_UPDATE,5,Canara Bank,22,3,0,17
CMP01836,Delhi,23599.14,1,Kotak Mahindra,JOB_FRAUD,3,Indian Bank,17,57,1,16
CMP01837,Chennai,148803.34,2,Yes Bank,LOAN_FRAUD,12,Indian Bank,7,7,5,2
CMP01838,Surat,44401.3,1,Yes Bank,JOB_FRAUD,7,SBI,0,50,5,13
CMP01839,Pune,44547.9,1,HDFC Bank,INVESTMENT_SCAM,11,Canara Bank,1,14,3,15
CMP01840,Bengaluru,67165.65,2,HDFC Bank,KYC_UPDATE,8,PNB,1,20,3,14
CMP01841,Chennai,30703.26,1,HDFC Bank,OTP_SCAM,11,Indian Bank,2,59,1,16
CMP01842,Lucknow,98937.35,2,ICICI Bank,IMPERSONATION,5,Canara Bank,0,3,3,18
CMP01843,Patna,13010.48,1,ICICI Bank,TECH_SUPPORT_SCAM,11,Bank of Baroda,17,1,3,3
CMP01844,Mumbai,10622.24,1,ICICI Bank,IMPERSONATION,7,Bank of Baroda,1,68,1,7
CMP01845,Jaipur,46054.2,1,HDFC Bank,KYC_UPDATE,7,PNB,8,36,2,17
CMP01846,Pune,181256.74,2,Axis Bank,LOTTERY_FRAUD,9,Canara Bank,0,11,1,13
CMP01847,Hyderabad,10742.69,1,ICICI Bank,LOTTERY_FRAUD,4,Canara Bank,2,20,1,0
CMP01848,Lucknow,42654.5,1,Axis Bank,LOTTERY_FRAUD,8,Indian Bank,22,8,1,13
CMP01849,Kolkata,43778.47,1,Axis Bank,OTP_SCAM,7,PNB,22,40,0,12
CMP01850,Lucknow,166832.67,2,HDFC Bank,LOAN_FRAUD,8,Indian Bank,8,3,1,8
CMP01851,Mumbai,399015.75,3,Axis Bank,LOTTERY_FRAUD,8,Indian Bank,11,36,5,6
CMP01852,Chennai,28543.71,1,Kotak Mahindra,LOTTERY_FRAUD,7,SBI,19,68,3,4
CMP01853,Patna,884255.57,4,Axis Bank,TECH_SUPPORT_SCAM,8,Indian Bank,21,23,1,8
CMP01854,Patna,26429.16,1,Yes Bank,LOTTERY_FRAUD,3,Bank of Baroda,19,17,0,12
CMP01855,Patna,23790.11,1,Yes Bank,JOB_FRAUD,3,Bank of Baroda,19,20,4,17
CMP01856,Chennai,48901.5,1,Axis Bank,INVESTMENT_SCAM,12,Indian Bank,17,66,3,14
CMP01857,Bengaluru,20192.28,1,Kotak Mahindra,LOTTERY_FRAUD,5,SBI,5,7,4,8
CMP01858,Mumbai,17583.98,1,Axis Bank,INVESTMENT_SCAM,10,PNB,19,11,1,12
CMP01859,Delhi,36094.86,1,HDFC Bank,OTP_SCAM,5,SBI,21,60,3,16
CMP01860,Surat,134603.45,2,ICICI Bank,LOAN_FRAUD,5,SBI,6,39,0,18
CMP01861,Bengaluru,33657.47,1,ICICI Bank,JOB_FRAUD,8,Indian Bank,17,56,5,13
CMP01862,Kolkata,48784.84,1,ICICI Bank,LOAN_FRAUD,1,Canara Bank,20,20,0,12
CMP01863,Delhi,47696.38,1,Yes Bank,INVESTMENT_SCAM,7,Bank of Baroda,3,34,4,12
CMP01864,Patna,496017.26,3,Yes Bank,LOTTERY_FRAUD,11,SBI,17,17,0,13
CMP01865,Pune,14020.16,1,HDFC Bank,INVESTMENT_SCAM,10,Bank of Baroda,16,56,4,15
CMP01866,Delhi,14820.64,1,Axis Bank,LOAN_FRAUD,5,PNB,5,41,1,6
CMP01867,Pune,12073.19,1,Yes Bank,JOB_FRAUD,7,Canara Bank,15,64,1,18
CMP01868,Delhi,164269.27,2,ICICI Bank,TECH_SUPPORT_SCAM,2,Bank of Baroda,5,6,1,14
CMP01869,Lucknow,17595.09,1,Kotak Mahindra,INVESTMENT_SCAM,4,PNB,23,24,6,15
CMP01870,Hyderabad,124007.35,2,Yes Bank,JOB_FRAUD,1,Indian Bank,0,57,5,13
CMP01871,Chennai,120565.4,2,Axis Bank,LOTTERY_FRAUD,1,SBI,10,10,6,2
CMP01872,Pune,37803.06,1,HDFC Bank,JOB_FRAUD,6,Indian Bank,21,22,6,16
CMP01873,Bengaluru,42557.72,1,Kotak Mahindra,LOAN_FRAUD,5,PNB,17,46,4,13
CMP01874,Bengaluru,142873.18,2,Kotak Mahindra,KYC_UPDATE,5,Canara Bank,21,47,1,14
CMP01875,Pune,10452.32,1,Kotak Mahindra,OTP_SCAM,1,Bank of Baroda,7,2,5,13
CMP01876,Delhi,17128.44,1,ICICI Bank,LOAN_FRAUD,12,Indian Bank,17,4,5,13
CMP01877,Surat,42830.71,1,HDFC Bank,LOTTERY_FRAUD,9,PNB,17,52,5,0
CMP01878,Lucknow,16297.91,1,Yes Bank,JOB_FRAUD,3,SBI,22,44,0,12
CMP01879,Surat,158356.24,2,Kotak Mahindra,LOAN_FRAUD,4,Indian Bank,10,54,1,12
CMP01880,Hyderabad,809669.69,4,HDFC Bank,LOAN_FRAUD,9,Indian Bank,13,63,0,17
CMP01881,Delhi,772510.98,4,Yes Bank,JOB_FRAUD,1,PNB,19,12,4,9
CMP01882,Mumbai,71788.92,2,HDFC Bank,INVESTMENT_SCAM,11,PNB,12,49,0,17
CMP01883,Lucknow,86145.32,2,HDFC Bank,TECH_SUPPORT_SCAM,3,Canara Bank,21,16,0,18
CMP01884,Jaipur,34024.79,1,ICICI Bank,LOAN_FRAUD,1,PNB,15,1,3,13
CMP01885,Hyderabad,151836.74,2,Kotak Mahindra,LOAN_FRAUD,9,SBI,4,26,0,12
CMP01886,Surat,19755.23,1,HDFC Bank,IMPERSONATION,10,Indian Bank,8,54,6,15
CMP01887,Ahmedabad,136432.7,2,ICICI Bank,LOTTERY_FRAUD,6,PNB,0,47,1,4
CMP01888,Mumbai,29446.47,1,Yes Bank,IMPERSONATION,1,Canara Bank,17,58,0,15
CMP01889,Bengaluru,25832.39,1,HDFC Bank,OTP_SCAM,4,Bank of Baroda,13,2,2,16
CMP01890,Hyderabad,10437.96,1,HDFC Bank,IMPERSONATION,9,Indian Bank,6,6,4,14
CMP01891,Pune,34332.4,1,HDFC Bank,INVESTMENT_SCAM,6,PNB,10,21,5,15
CMP01892,Surat,136171.72,2,Yes Bank,JOB_FRAUD,4,Canara Bank,5,51,0,13
CMP01893,Kolkata,729268.98,4,Kotak Mahindra,OTP_SCAM,8,Canara Bank,8,35,5,12
CMP01894,Hyderabad,188859.33,2,Yes Bank,TECH_SUPPORT_SCAM,5,Indian Bank,7,66,0,15
CMP01895,Bengaluru,43558.71,1,Axis Bank,IMPERSONATION,4,Indian Bank,9,43,3,5
CMP01896,Patna,29801.66,1,Axis Bank,LOTTERY_FRAUD,2,PNB,10,53,3,12
CMP01897,Kolkata,10419.4,1,Axis Bank,IMPERSONATION,7,Indian Bank,14,20,6,15
CMP01898,Chennai,11086.93,1,Axis Bank,LOTTERY_FRAUD,6,SBI,11,26,5,12
CMP01899,Ahmedabad,23874.44,1,Kotak Mahindra,KYC_UPDATE,6,SBI,14,8,2,15
CMP01900,Chennai,32686.71,1,ICICI Bank,KYC_UPDATE,6,Indian Bank,1,49,2,11
CMP01901,Mumbai,38907.28,1,Axis Bank,INVESTMENT_SCAM,10,Bank of Baroda,3,11,6,17
CMP01902,Surat,23203.91,1,Axis Bank,IMPERSONATION,10,Bank of Baroda,3,71,1,15
CMP01903,Pune,10276.62,1,Yes Bank,LOAN_FRAUD,7,Bank of Baroda,21,60,0,7
CMP01904,Jaipur,10239.17,1,HDFC Bank,JOB_FRAUD,5,Indian Bank,20,13,4,18
CMP01905,Jaipur,71548.47,2,ICICI Bank,IMPERSONATION,4,PNB,22,62,1,4
CMP01906,Patna,44743.09,1,Kotak Mahindra,INVESTMENT_SCAM,5,Canara Bank,4,42,1,12
CMP01907,Ahmedabad,16613.52,1,Yes Bank,JOB_FRAUD,11,Indian Bank,15,31,4,5
CMP01908,Surat,15466.43,1,Yes Bank,INVESTMENT_SCAM,11,Canara Bank,21,24,0,15
CMP01909,Ahmedabad,76278.08,2,Yes Bank,KYC_UPDATE,4,PNB,8,38,1,15
CMP01910,Patna,51363.92,2,Yes Bank,KYC_UPDATE,3,Indian Bank,21,62,2,2
CMP01911,Hyderabad,47039.24,1,Axis Bank,TECH_SUPPORT_SCAM,7,PNB,10,56,4,14
CMP01912,Lucknow,43293.53,1,ICICI Bank,INVESTMENT_SCAM,1,SBI,9,32,1,18
CMP01913,Kolkata,18150.08,1,Kotak Mahindra,LOTTERY_FRAUD,8,Bank of Baroda,2,54,5,12
CMP01914,Hyderabad,32340.47,1,Kotak Mahindra,IMPERSONATION,8,SBI,1,31,3,10
CMP01915,Kolkata,21506.56,1,Yes Bank,TECH_SUPPORT_SCAM,5,Indian Bank,23,5,5,14
CMP01916,Kolkata,180281.32,2,Kotak Mahindra,OTP_SCAM,1,Canara Bank,15,47,4,13
CMP01917,Bengaluru,52069.01,2,Yes Bank,LOTTERY_FRAUD,7,SBI,1,32,5,13
CMP01918,Hyderabad,20690.63,1,Kotak Mahindra,IMPERSONATION,5,SBI,19,63,5,14
CMP01919,Surat,49890.23,1,Yes Bank,JOB_FRAUD,12,Indian Bank,2,33,4,16
CMP01920,Delhi,52130.91,2,Yes Bank,IMPERSONATION,6,Indian Bank,9,27,1,13
CMP01921,Chennai,33619.1,1,ICICI Bank,LOAN_FRAUD,12,PNB,12,13,1,17
CMP01922,Pune,47311.43,1,HDFC Bank,KYC_UPDATE,10,Canara Bank,7,33,0,14
CMP01923,Ahmedabad,195825.36,2,ICICI Bank,JOB_FRAUD,4,PNB,22,39,3,13
CMP01924,Ahmedabad,43889.79,1,Kotak Mahindra,TECH_SUPPORT_SCAM,12,Indian Bank,16,68,1,4
CMP01925,Jaipur,23193.11,1,Yes Bank,INVESTMENT_SCAM,11,Indian Bank,17,38,0,18
CMP01926,Surat,110122.11,2,ICICI Bank,KYC_UPDATE,10,Canara Bank,14,69,6,12
CMP01927,Pune,143529.82,2,Axis Bank,OTP_SCAM,7,Indian Bank,18,50,1,17
CMP01928,Delhi,42159.4,1,Yes Bank,INVESTMENT_SCAM,3,Bank of Baroda,1,70,0,18
CMP01929,Ahmedabad,22906.06,1,Kotak Mahindra,KYC_UPDATE,1,PNB,10,58,5,15
CMP01930,Pune,40345.96,1,Yes Bank,JOB_FRAUD,6,Bank of Baroda,15,46,0,5
CMP01931,Jaipur,25456.59,1,Kotak Mahindra,LOAN_FRAUD,1,Canara Bank,14,44,4,13
CMP01932,Hyderabad,24116.01,1,HDFC Bank,LOTTERY_FRAUD,2,Canara Bank,10,14,1,12
CMP01933,Mumbai,21844.24,1,Yes Bank,LOAN_FRAUD,10,Indian Bank,4,26,1,13
CMP01934,Lucknow,159528.46,2,ICICI Bank,OTP_SCAM,8,Canara Bank,14,3,1,12
CMP01935,Kolkata,16934.34,1,ICICI Bank,LOAN_FRAUD,11,Indian Bank,22,43,5,17
CMP01936,Delhi,20764.59,1,Yes Bank,INVESTMENT_SCAM,12,Canara Bank,18,2,4,2
CMP01937,Patna,20909.44,1,Kotak Mahindra,JOB_FRAUD,8,Indian Bank,4,72,2,16
CMP01938,Lucknow,571230.96,4,HDFC Bank,LOAN_FRAUD,6,Canara Bank,11,49,6,13
CMP01939,Jaipur,183240.67,2,ICICI Bank,TECH_SUPPORT_SCAM,5,Indian Bank,18,71,0,18
CMP01940,Surat,44876.52,1,Yes Bank,LOTTERY_FRAUD,5,Canara Bank,1,30,0,13
CMP01941,Lucknow,43775.36,1,Axis Bank,TECH_SUPPORT_SCAM,1,Indian Bank,4,6,1,14
CMP01942,Jaipur,34386.5,1,Axis Bank,JOB_FRAUD,7,Indian Bank,3,40,0,16
CMP01943,Chennai,69370.47,2,HDFC Bank,LOTTERY_FRAUD,9,Indian Bank,19,41,6,12
CMP01944,Patna,82967.46,2,Kotak Mahindra,KYC_UPDATE,4,PNB,13,4,5,17
CMP01945,Kolkata,30654.15,1,Kotak Mahindra,LOAN_FRAUD,8,Bank of Baroda,3,57,1,13
CMP01946,Patna,42478.55,1,ICICI Bank,LOTTERY_FRAUD,6,SBI,2,60,4,12
CMP01947,Bengaluru,31950.37,1,Axis Bank,IMPERSONATION,5,Indian Bank,0,54,1,15
CMP01948,Pune,191875.97,2,Kotak Mahindra,INVESTMENT_SCAM,8,SBI,0,20,1,17
CMP01949,Surat,157170.1,2,Kotak Mahindra,OTP_SCAM,5,Canara Bank,20,58,0,16
CMP01950,Jaipur,35084.8,1,Yes Bank,JOB_FRAUD,12,Canara Bank,14,54,3,18
CMP01951,Jaipur,33327.42,1,ICICI Bank,OTP_SCAM,9,Bank of Baroda,10,64,4,16
CMP01952,Lucknow,31997.12,1,Yes Bank,TECH_SUPPORT_SCAM,3,Bank of Baroda,16,34,4,18
CMP01953,Kolkata,19511.81,1,HDFC Bank,OTP_SCAM,7,Bank of Baroda,12,14,1,16
CMP01954,Surat,47135.93,1,HDFC Bank,TECH_SUPPORT_SCAM,9,Indian Bank,20,70,4,14
CMP01955,Delhi,40417.0,1,Kotak Mahindra,LOTTERY_FRAUD,7,SBI,19,5,6,12
CMP01956,Jaipur,32131.17,1,ICICI Bank,INVESTMENT_SCAM,9,Indian Bank,7,29,2,16
CMP01957,Pune,394088.33,3,Axis Bank,IMPERSONATION,8,Indian Bank,10,6,3,15
CMP01958,Chennai,42014.64,1,Axis Bank,INVESTMENT_SCAM,12,Canara Bank,14,31,5,18
CMP01959,Bengaluru,43766.31,1,Axis Bank,KYC_UPDATE,11,Canara Bank,10,57,5,11
CMP01960,Pune,151325.28,2,HDFC Bank,LOTTERY_FRAUD,8,Indian Bank,23,29,4,12
CMP01961,Hyderabad,48874.34,1,Axis Bank,OTP_SCAM,9,Indian Bank,9,9,2,1
CMP01962,Kolkata,31430.17,1,ICICI Bank,KYC_UPDATE,1,Canara Bank,14,15,2,15
CMP01963,Patna,12137.47,1,Kotak Mahindra,OTP_SCAM,10,Bank of Baroda,4,30,5,8
CMP01964,Ahmedabad,28921.15,1,Yes Bank,TECH_SUPPORT_SCAM,5,Canara Bank,9,4,6,13
CMP01965,Hyderabad,15388.5,1,HDFC Bank,IMPERSONATION,7,SBI,10,62,1,16
CMP01966,Mumbai,38256.74,1,Axis Bank,INVESTMENT_SCAM,8,Indian Bank,5,19,5,18
CMP01967,Surat,99714.01,2,HDFC Bank,INVESTMENT_SCAM,10,PNB,11,39,5,18
CMP01968,Hyderabad,31999.61,1,HDFC Bank,LOTTERY_FRAUD,12,Bank of Baroda,20,33,4,12
CMP01969,Jaipur,176983.86,2,ICICI Bank,OTP_SCAM,5,Canara Bank,22,33,3,12
CMP01970,Lucknow,39628.95,1,Axis Bank,TECH_SUPPORT_SCAM,11,SBI,19,15,3,15
CMP01971,Kolkata,110673.42,2,ICICI Bank,OTP_SCAM,9,SBI,17,10,5,9
CMP01972,Chennai,37962.02,1,Axis Bank,KYC_UPDATE,11,Canara Bank,1,33,6,17
CMP01973,Hyderabad,178914.29,2,HDFC Bank,JOB_FRAUD,10,PNB,17,52,2,18
CMP01974,Kolkata,39040.36,1,Kotak Mahindra,OTP_SCAM,12,Canara Bank,18,50,5,3
CMP01975,Ahmedabad,39850.2,1,Kotak Mahindra,INVESTMENT_SCAM,8,Bank of Baroda,13,53,3,0
CMP01976,Bengaluru,48005.2,1,Kotak Mahindra,LOTTERY_FRAUD,5,PNB,1,18,6,4
CMP01977,Pune,11584.71,1,ICICI Bank,LOTTERY_FRAUD,10,Canara Bank,6,57,3,12
CMP01978,Patna,142140.23,2,HDFC Bank,TECH_SUPPORT_SCAM,8,SBI,10,20,5,18
CMP01979,Hyderabad,41074.56,1,HDFC Bank,LOAN_FRAUD,3,Indian Bank,11,9,3,13
CMP01980,Hyderabad,25349.2,1,ICICI Bank,IMPERSONATION,1,Bank of Baroda,15,17,3,18
CMP01981,Surat,33305.91,1,Kotak Mahindra,TECH_SUPPORT_SCAM,11,Indian Bank,5,24,3,18
CMP01982,Hyderabad,44332.6,1,Yes Bank,KYC_UPDATE,1,SBI,17,42,0,10
CMP01983,Mumbai,404654.39,3,ICICI Bank,TECH_SUPPORT_SCAM,5,Canara Bank,17,52,3,14
CMP01984,Hyderabad,47006.06,1,Kotak Mahindra,OTP_SCAM,4,PNB,8,49,5,2
CMP01985,Pune,72322.54,2,Kotak Mahindra,TECH_SUPPORT_SCAM,10,Canara Bank,2,15,2,14
CMP01986,Patna,37528.15,1,Axis Bank,JOB_FRAUD,2,PNB,9,2,4,18
CMP01987,Pune,12070.7,1,Kotak Mahindra,JOB_FRAUD,2,Bank of Baroda,16,48,4,18
CMP01988,Mumbai,13683.97,1,Axis Bank,INVESTMENT_SCAM,10,PNB,2,33,1,17
CMP01989,Pune,61642.44,2,HDFC Bank,LOTTERY_FRAUD,8,SBI,14,13,0,12
CMP01990,Hyderabad,110981.92,2,ICICI Bank,IMPERSONATION,8,Canara Bank,17,1,1,18
CMP01991,Chennai,39721.84,1,HDFC Bank,INVESTMENT_SCAM,5,Canara Bank,0,52,0,18
CMP01992,Lucknow,100270.58,2,Kotak Mahindra,LOTTERY_FRAUD,11,Canara Bank,22,3,5,5
CMP01993,Surat,54096.27,2,HDFC Bank,LOAN_FRAUD,5,SBI,13,62,0,12
CMP01994,Surat,49324.16,1,Yes Bank,TECH_SUPPORT_SCAM,3,Indian Bank,12,55,1,14
CMP01995,Kolkata,22780.64,1,ICICI Bank,LOTTERY_FRAUD,1,Canara Bank,18,17,1,11
CMP01996,Kolkata,163626.25,2,HDFC Bank,IMPERSONATION,11,SBI,2,15,6,9
CMP01997,Chennai,16972.37,1,Yes Bank,INVESTMENT_SCAM,4,SBI,5,67,3,3
CMP01998,Kolkata,44396.74,1,ICICI Bank,INVESTMENT_SCAM,5,Indian Bank,21,37,2,15
CMP01999,Hyderabad,10199.06,1,Axis Bank,IMPERSONATION,8,Indian Bank,8,66,3,15
CMP02000,Surat,28152.68,1,Yes Bank,OTP_SCAM,4,Canara Bank,21,61,5,7
CMP02001,Pune,76602.04,2,Yes Bank,LOAN_FRAUD,11,Indian Bank,15,30,2,12
CMP02002,Ahmedabad,12653.43,1,Kotak Mahindra,LOTTERY_FRAUD,6,Canara Bank,15,50,1,16
CMP02003,Patna,28909.3,1,Kotak Mahindra,OTP_SCAM,5,Bank of Baroda,11,29,1,16
CMP02004,Hyderabad,22711.23,1,Kotak Mahindra,LOTTERY_FRAUD,7,Canara Bank,7,44,1,13
CMP02005,Pune,73114.4,2,Yes Bank,LOTTERY_FRAUD,6,Indian Bank,6,50,3,4
CMP02006,Mumbai,28306.66,1,Axis Bank,LOAN_FRAUD,2,Bank of Baroda,20,54,1,17
CMP02007,Bengaluru,31941.15,1,Axis Bank,INVESTMENT_SCAM,11,PNB,16,55,1,18
CMP02008,Ahmedabad,33609.51,1,Yes Bank,KYC_UPDATE,5,PNB,7,70,6,15
CMP02009,Chennai,41264.46,1,Yes Bank,TECH_SUPPORT_SCAM,2,SBI,20,26,5,15
CMP02010,Jaipur,28861.21,1,ICICI Bank,OTP_SCAM,3,Bank of Baroda,5,1,0,16
CMP02011,Lucknow,21003.94,1,HDFC Bank,JOB_FRAUD,3,Indian Bank,6,16,1,9
CMP02012,Chennai,22932.59,1,Yes Bank,IMPERSONATION,8,Canara Bank,8,19,5,5
CMP02013,Surat,42637.79,1,Axis Bank,IMPERSONATION,7,Canara Bank,19,14,3,18
CMP02014,Delhi,43859.22,1,ICICI Bank,LOAN_FRAUD,10,Bank of Baroda,2,15,1,12
CMP02015,Patna,49582.98,1,Kotak Mahindra,LOAN_FRAUD,10,SBI,0,53,5,7
CMP02016,Bengaluru,48237.3,1,ICICI Bank,INVESTMENT_SCAM,2,Indian Bank,3,22,2,18
CMP02017,Mumbai,159707.24,2,Kotak Mahindra,OTP_SCAM,10,PNB,1,11,1,13
CMP02018,Jaipur,193549.62,2,Kotak Mahindra,INVESTMENT_SCAM,11,Bank of Baroda,8,69,6,18
CMP02019,Surat,18660.4,1,HDFC Bank,KYC_UPDATE,7,SBI,2,33,4,15
CMP02020,Patna,22462.02,1,Yes Bank,LOAN_FRAUD,1,SBI,5,5,1,13
CMP02021,Ahmedabad,900936.82,4,Yes Bank,KYC_UPDATE,12,SBI,19,6,1,14
CMP02022,Lucknow,16237.45,1,Axis Bank,LOAN_FRAUD,9,Canara Bank,1,27,2,13
CMP02023,Patna,46831.23,1,HDFC Bank,JOB_FRAUD,10,Bank of Baroda,12,8,0,16
CMP02024,Jaipur,64664.16,2,HDFC Bank,KYC_UPDATE,3,PNB,21,40,6,4
CMP02025,Jaipur,36208.18,1,HDFC Bank,LOAN_FRAUD,9,PNB,9,12,0,14
CMP02026,Bengaluru,47177.45,1,ICICI Bank,LOAN_FRAUD,12,Bank of Baroda,6,56,3,11
CMP02027,Ahmedabad,85826.32,2,Axis Bank,JOB_FRAUD,4,Bank of Baroda,2,5,5,13
CMP02028,Mumbai,16070.07,1,Yes Bank,IMPERSONATION,3,Canara Bank,11,37,0,14
CMP02029,Chennai,27333.7,1,Axis Bank,TECH_SUPPORT_SCAM,7,SBI,21,24,3,14
CMP02030,Bengaluru,124527.22,2,ICICI Bank,TECH_SUPPORT_SCAM,3,Canara Bank,9,10,0,18
CMP02031,Surat,38191.47,1,HDFC Bank,JOB_FRAUD,10,Bank of Baroda,8,67,4,11
CMP02032,Ahmedabad,47985.53,1,Yes Bank,IMPERSONATION,9,Canara Bank,7,8,0,10
CMP02033,Jaipur,41131.88,1,Axis Bank,IMPERSONATION,4,Bank of Baroda,9,19,6,14
CMP02034,Jaipur,36136.41,1,ICICI Bank,KYC_UPDATE,7,Bank of Baroda,12,47,0,14
CMP02035,Pune,148086.43,2,HDFC Bank,OTP_SCAM,5,SBI,8,15,6,13
CMP02036,Hyderabad,65391.11,2,HDFC Bank,LOTTERY_FRAUD,8,Indian Bank,0,1,5,13
CMP02037,Lucknow,48879.84,1,Yes Bank,IMPERSONATION,11,SBI,3,63,1,14
CMP02038,Kolkata,24046.97,1,ICICI Bank,IMPERSONATION,12,Indian Bank,21,21,1,4
CMP02039,Kolkata,21108.72,1,Yes Bank,LOTTERY_FRAUD,5,PNB,10,20,4,13
CMP02040,Delhi,133136.72,2,Axis Bank,OTP_SCAM,1,SBI,14,15,1,12
CMP02041,Bengaluru,41190.75,1,HDFC Bank,INVESTMENT_SCAM,4,Canara Bank,14,19,1,16
CMP02042,Delhi,190401.24,2,Kotak Mahindra,LOTTERY_FRAUD,2,Canara Bank,11,63,4,14
CMP02043,Delhi,53559.45,2,ICICI Bank,INVESTMENT_SCAM,1,Indian Bank,9,14,4,17
CMP02044,Hyderabad,68937.15,2,HDFC Bank,INVESTMENT_SCAM,6,Indian Bank,16,13,5,15
CMP02045,Hyderabad,35662.38,1,ICICI Bank,JOB_FRAUD,1,Indian Bank,21,72,4,16
CMP02046,Jaipur,571727.32,4,Yes Bank,TECH_SUPPORT_SCAM,11,SBI,18,15,5,15
CMP02047,Chennai,42572.85,1,Kotak Mahindra,LOAN_FRAUD,10,Indian Bank,17,42,2,11
CMP02048,Surat,45791.71,1,HDFC Bank,LOAN_FRAUD,5,Indian Bank,0,54,4,18
CMP02049,Surat,42040.11,1,Axis Bank,OTP_SCAM,3,Canara Bank,13,2,3,12
CMP02050,Ahmedabad,20934.74,1,Kotak Mahindra,TECH_SUPPORT_SCAM,4,PNB,14,6,0,15
CMP02051,Mumbai,21953.64,1,ICICI Bank,IMPERSONATION,11,Bank of Baroda,17,8,1,0
CMP02052,Chennai,146022.16,2,Kotak Mahindra,LOAN_FRAUD,10,Bank of Baroda,12,38,2,13
CMP02053,Delhi,39757.87,1,Yes Bank,TECH_SUPPORT_SCAM,11,Canara Bank,8,23,1,15
CMP02054,Mumbai,23239.76,1,Kotak Mahindra,LOAN_FRAUD,5,PNB,7,51,4,10
CMP02055,Jaipur,43363.85,1,Axis Bank,TECH_SUPPORT_SCAM,1,Indian Bank,18,49,0,15
CMP02056,Delhi,143087.39,2,ICICI Bank,JOB_FRAUD,4,PNB,10,38,2,18
CMP02057,Pune,11843.61,1,Yes Bank,TECH_SUPPORT_SCAM,9,PNB,0,18,4,15
CMP02058,Kolkata,680191.02,4,HDFC Bank,JOB_FRAUD,5,Bank of Baroda,4,4,2,16
CMP02059,Bengaluru,107367.46,2,ICICI Bank,KYC_UPDATE,3,Indian Bank,6,61,6,0
CMP02060,Chennai,296888.0,3,ICICI Bank,IMPERSONATION,1,Canara Bank,7,21,4,11
CMP02061,Kolkata,33401.55,1,ICICI Bank,OTP_SCAM,7,SBI,3,31,5,13
CMP02062,Patna,12325.39,1,Kotak Mahindra,JOB_FRAUD,10,SBI,0,24,5,16
CMP02063,Ahmedabad,38717.66,1,ICICI Bank,KYC_UPDATE,6,PNB,8,64,0,15
CMP02064,Delhi,71393.98,2,Kotak Mahindra,LOAN_FRAUD,10,Indian Bank,0,37,6,6
CMP02065,Surat,120308.46,2,ICICI Bank,LOTTERY_FRAUD,7,SBI,17,10,2,12
CMP02066,Chennai,21828.33,1,Kotak Mahindra,LOAN_FRAUD,12,SBI,11,26,5,12
CMP02067,Jaipur,12336.53,1,Kotak Mahindra,JOB_FRAUD,12,Bank of Baroda,5,61,5,13
CMP02068,Kolkata,42854.68,1,HDFC Bank,KYC_UPDATE,3,Indian Bank,20,42,3,15
CMP02069,Kolkata,108618.74,2,ICICI Bank,OTP_SCAM,2,PNB,20,71,5,0
CMP02070,Pune,15419.33,1,Kotak Mahindra,IMPERSONATION,4,Bank of Baroda,6,63,0,4
CMP02071,Kolkata,30505.15,1,Kotak Mahindra,KYC_UPDATE,12,Indian Bank,13,29,3,15
CMP02072,Chennai,395872.97,3,HDFC Bank,LOAN_FRAUD,1,SBI,10,32,4,18
CMP02073,Chennai,23783.18,1,HDFC Bank,LOTTERY_FRAUD,3,PNB,21,65,6,13
CMP02074,Jaipur,32149.77,1,Yes Bank,LOTTERY_FRAUD,2,Canara Bank,21,64,3,10
CMP02075,Lucknow,20991.64,1,ICICI Bank,INVESTMENT_SCAM,2,SBI,0,50,6,17
CMP02076,Hyderabad,181523.65,2,ICICI Bank,IMPERSONATION,8,Bank of Baroda,11,9,6,14
CMP02077,Bengaluru,492345.13,3,ICICI Bank,TECH_SUPPORT_SCAM,8,PNB,12,41,6,18
CMP02078,Lucknow,16389.71,1,Kotak Mahindra,LOAN_FRAUD,5,Indian Bank,8,37,5,12
CMP02079,Ahmedabad,662875.57,4,ICICI Bank,LOAN_FRAUD,1,Canara Bank,18,54,2,13
CMP02080,Pune,181372.41,2,HDFC Bank,LOTTERY_FRAUD,3,Bank of Baroda,22,64,1,10
CMP02081,Patna,45093.43,1,Kotak Mahindra,OTP_SCAM,4,Indian Bank,4,10,1,13
CMP02082,Delhi,29737.11,1,ICICI Bank,TECH_SUPPORT_SCAM,4,PNB,17,1,2,15
CMP02083,Kolkata,36217.57,1,Axis Bank,JOB_FRAUD,9,SBI,14,4,1,13
CMP02084,Hyderabad,191561.54,2,Kotak Mahindra,KYC_UPDATE,11,Indian Bank,4,32,1,17
CMP02085,Patna,109206.13,2,Axis Bank,OTP_SCAM,2,Canara Bank,12,57,0,13
CMP02086,Lucknow,49537.58,1,Kotak Mahindra,LOTTERY_FRAUD,1,PNB,4,4,6,1
CMP02087,Lucknow,165985.22,2,Axis Bank,LOAN_FRAUD,7,PNB,17,27,1,6
CMP02088,Jaipur,607607.05,4,Yes Bank,IMPERSONATION,1,Bank of Baroda,22,70,4,2
CMP02089,Ahmedabad,140988.44,2,HDFC Bank,INVESTMENT_SCAM,11,Canara Bank,9,56,4,17
CMP02090,Hyderabad,71835.7,2,Yes Bank,IMPERSONATION,2,SBI,19,48,6,18
CMP02091,Bengaluru,23272.09,1,HDFC Bank,INVESTMENT_SCAM,2,SBI,12,15,3,17
CMP02092,Chennai,159237.97,2,Yes Bank,OTP_SCAM,10,Indian Bank,1,37,2,12
CMP02093,Hyderabad,45744.99,1,ICICI Bank,OTP_SCAM,6,SBI,10,10,5,13
CMP02094,Hyderabad,22788.75,1,Yes Bank,KYC_UPDATE,8,PNB,16,7,1,17
CMP02095,Ahmedabad,14399.59,1,Yes Bank,KYC_UPDATE,7,Canara Bank,14,71,2,17
CMP02096,Jaipur,32350.18,1,HDFC Bank,LOTTERY_FRAUD,10,Bank of Baroda,22,27,3,13
CMP02097,Mumbai,41953.33,1,Axis Bank,KYC_UPDATE,7,Indian Bank,13,15,0,15
CMP02098,Bengaluru,73974.7,2,Yes Bank,JOB_FRAUD,4,Indian Bank,2,61,6,16
CMP02099,Lucknow,35744.95,1,ICICI Bank,TECH_SUPPORT_SCAM,4,Canara Bank,2,45,3,14
CMP02100,Chennai,33730.68,1,Axis Bank,TECH_SUPPORT_SCAM,4,PNB,16,21,2,18
CMP02101,Jaipur,37252.78,1,Kotak Mahindra,KYC_UPDATE,9,Canara Bank,17,35,3,15
CMP02102,Chennai,16303.61,1,HDFC Bank,OTP_SCAM,9,PNB,14,23,3,13
CMP02103,Hyderabad,39546.09,1,Axis Bank,INVESTMENT_SCAM,11,SBI,1,22,2,17
CMP02104,Ahmedabad,120067.36,2,HDFC Bank,LOAN_FRAUD,1,PNB,6,1,4,15
CMP02105,Surat,38600.98,1,HDFC Bank,LOTTERY_FRAUD,4,Bank of Baroda,5,62,6,12
CMP02106,Lucknow,39299.51,1,Axis Bank,KYC_UPDATE,6,PNB,20,65,3,17
CMP02107,Jaipur,15662.24,1,HDFC Bank,OTP_SCAM,2,PNB,8,19,1,13
CMP02108,Pune,177314.94,2,HDFC Bank,INVESTMENT_SCAM,12,Canara Bank,22,58,3,17
CMP02109,Pune,25047.93,1,Yes Bank,KYC_UPDATE,11,Indian Bank,22,56,2,12
CMP02110,Ahmedabad,152189.22,2,Axis Bank,JOB_FRAUD,10,SBI,16,31,1,16
CMP02111,Patna,871700.81,4,Axis Bank,OTP_SCAM,3,PNB,4,49,5,6
CMP02112,Patna,136918.31,2,ICICI Bank,JOB_FRAUD,3,PNB,8,32,4,14
CMP02113,Bengaluru,12002.75,1,Axis Bank,OTP_SCAM,11,Bank of Baroda,3,43,3,18
CMP02114,Mumbai,56578.43,2,Axis Bank,KYC_UPDATE,12,SBI,12,20,3,17
CMP02115,Ahmedabad,150413.7,2,Axis Bank,LOTTERY_FRAUD,10,Indian Bank,14,44,4,13
CMP02116,Bengaluru,103723.49,2,Axis Bank,INVESTMENT_SCAM,9,Indian Bank,2,24,0,15
CMP02117,Hyderabad,26526.7,1,Kotak Mahindra,KYC_UPDATE,12,PNB,20,50,6,14
CMP02118,Chennai,36295.99,1,HDFC Bank,OTP_SCAM,12,Bank of Baroda,13,47,1,4
CMP02119,Ahmedabad,138836.7,2,Yes Bank,LOAN_FRAUD,5,Canara Bank,5,64,5,12
CMP02120,Surat,11985.18,1,ICICI Bank,OTP_SCAM,9,SBI,9,49,6,12
CMP02121,Hyderabad,110096.66,2,ICICI Bank,TECH_SUPPORT_SCAM,8,PNB,20,26,5,14
CMP02122,Bengaluru,40505.09,1,Kotak Mahindra,INVESTMENT_SCAM,7,PNB,6,2,0,1
CMP02123,Patna,12638.66,1,HDFC Bank,OTP_SCAM,10,Indian Bank,14,67,0,9
CMP02124,Kolkata,91801.86,2,Yes Bank,OTP_SCAM,6,PNB,10,70,4,1
CMP02125,Delhi,26987.9,1,Axis Bank,INVESTMENT_SCAM,11,PNB,7,54,3,17
CMP02126,Kolkata,44121.98,1,ICICI Bank,KYC_UPDATE,9,Bank of Baroda,18,39,6,17
CMP02127,Delhi,890531.32,4,Axis Bank,JOB_FRAUD,2,PNB,2,5,2,18
CMP02128,Patna,142810.08,2,Kotak Mahindra,OTP_SCAM,4,Bank of Baroda,9,18,0,12
CMP02129,Pune,26327.68,1,Kotak Mahindra,LOTTERY_FRAUD,4,Indian Bank,11,4,6,12
CMP02130,Ahmedabad,25925.14,1,Kotak Mahindra,JOB_FRAUD,9,SBI,4,68,4,6
CMP02131,Chennai,733414.58,4,Kotak Mahindra,IMPERSONATION,9,Indian Bank,0,12,5,5
CMP02132,Ahmedabad,27290.22,1,ICICI Bank,JOB_FRAUD,3,Indian Bank,14,66,6,18
CMP02133,Pune,459891.72,3,Kotak Mahindra,JOB_FRAUD,7,SBI,5,71,5,13
CMP02134,Hyderabad,134840.09,2,Yes Bank,JOB_FRAUD,4,Indian Bank,3,18,2,16
CMP02135,Kolkata,107027.29,2,Kotak Mahindra,JOB_FRAUD,10,Canara Bank,0,71,6,13
CMP02136,Bengaluru,432727.05,3,HDFC Bank,OTP_SCAM,12,SBI,14,14,6,13
CMP02137,Kolkata,13712.5,1,Yes Bank,KYC_UPDATE,7,Canara Bank,17,57,0,15
CMP02138,Delhi,77545.35,2,Axis Bank,OTP_SCAM,1,SBI,8,24,4,17
CMP02139,Bengaluru,10666.41,1,Kotak Mahindra,JOB_FRAUD,11,SBI,4,26,0,13
CMP02140,Pune,43424.53,1,HDFC Bank,TECH_SUPPORT_SCAM,11,SBI,1,64,2,15
CMP02141,Kolkata,111211.15,2,ICICI Bank,TECH_SUPPORT_SCAM,4,PNB,6,16,5,18
CMP02142,Delhi,849908.99,4,Kotak Mahindra,OTP_SCAM,1,PNB,5,50,5,4
CMP02143,Surat,47807.63,1,Yes Bank,LOAN_FRAUD,6,Bank of Baroda,23,37,0,13
CMP02144,Pune,968824.87,4,Axis Bank,KYC_UPDATE,7,Canara Bank,11,53,5,15
CMP02145,Delhi,104283.05,2,Kotak Mahindra,LOAN_FRAUD,8,Indian Bank,9,33,2,13
CMP02146,Ahmedabad,112824.96,2,Kotak Mahindra,LOAN_FRAUD,9,Indian Bank,16,26,5,8
CMP02147,Hyderabad,482538.97,3,Yes Bank,INVESTMENT_SCAM,11,PNB,17,55,5,15
CMP02148,Ahmedabad,16170.3,1,Kotak Mahindra,INVESTMENT_SCAM,9,Canara Bank,21,59,3,15
CMP02149,Chennai,36275.49,1,ICICI Bank,LOAN_FRAUD,10,Bank of Baroda,20,33,2,13
CMP02150,Lucknow,168566.84,2,HDFC Bank,TECH_SUPPORT_SCAM,1,Canara Bank,10,8,2,1
CMP02151,Lucknow,42909.27,1,Axis Bank,LOTTERY_FRAUD,8,Bank of Baroda,1,59,1,13
CMP02152,Surat,592017.89,4,Kotak Mahindra,OTP_SCAM,4,Bank of Baroda,4,41,2,13
CMP02153,Lucknow,32363.78,1,HDFC Bank,INVESTMENT_SCAM,7,SBI,11,15,2,18
CMP02154,Bengaluru,18388.71,1,HDFC Bank,LOAN_FRAUD,9,PNB,7,9,1,8
CMP02155,Chennai,41899.49,1,Kotak Mahindra,INVESTMENT_SCAM,6,Indian Bank,23,13,0,17
CMP02156,Hyderabad,28428.76,1,ICICI Bank,OTP_SCAM,6,Bank of Baroda,8,20,4,16
CMP02157,Pune,24539.1,1,Axis Bank,LOTTERY_FRAUD,12,SBI,7,68,1,13
CMP02158,Hyderabad,114708.33,2,Axis Bank,TECH_SUPPORT_SCAM,5,SBI,1,11,4,15
CMP02159,Pune,37370.53,1,Axis Bank,JOB_FRAUD,6,Canara Bank,22,59,5,16
CMP02160,Kolkata,19898.03,1,Yes Bank,JOB_FRAUD,7,SBI,8,50,0,4
CMP02161,Pune,775313.44,4,Axis Bank,KYC_UPDATE,6,Bank of Baroda,23,22,6,14
CMP02162,Delhi,49028.27,1,Yes Bank,IMPERSONATION,9,Canara Bank,20,57,3,1
CMP02163,Patna,86074.84,2,ICICI Bank,IMPERSONATION,10,SBI,7,44,0,15
CMP02164,Bengaluru,138525.95,2,HDFC Bank,LOAN_FRAUD,12,Canara Bank,4,17,5,13
CMP02165,Chennai,19166.07,1,HDFC Bank,JOB_FRAUD,4,PNB,16,72,4,9
CMP02166,Mumbai,34312.27,1,Axis Bank,TECH_SUPPORT_SCAM,1,PNB,7,52,2,14
CMP02167,Surat,28855.23,1,ICICI Bank,LOTTERY_FRAUD,4,SBI,11,57,3,13
CMP02168,Surat,21409.5,1,Axis Bank,KYC_UPDATE,10,Canara Bank,8,25,0,17
CMP02169,Chennai,41821.82,1,Kotak Mahindra,LOAN_FRAUD,6,Indian Bank,1,21,5,15
CMP02170,Mumbai,37332.8,1,HDFC Bank,JOB_FRAUD,1,Canara Bank,3,60,4,16
CMP02171,Chennai,71188.19,2,ICICI Bank,JOB_FRAUD,2,Indian Bank,19,11,5,13
CMP02172,Patna,19847.42,1,ICICI Bank,INVESTMENT_SCAM,2,PNB,18,10,6,18
CMP02173,Jaipur,30553.79,1,HDFC Bank,IMPERSONATION,6,SBI,14,63,0,15
CMP02174,Bengaluru,12044.74,1,ICICI Bank,KYC_UPDATE,5,SBI,5,1,1,12
CMP02175,Lucknow,18521.88,1,Kotak Mahindra,INVESTMENT_SCAM,10,Indian Bank,9,45,0,15
CMP02176,Ahmedabad,90830.09,2,HDFC Bank,JOB_FRAUD,11,PNB,19,27,2,13
CMP02177,Hyderabad,86014.04,2,HDFC Bank,TECH_SUPPORT_SCAM,12,Indian Bank,13,70,4,15
CMP02178,Jaipur,97035.81,2,ICICI Bank,LOTTERY_FRAUD,1,SBI,7,32,2,17
CMP02179,Kolkata,36301.36,1,ICICI Bank,LOAN_FRAUD,2,SBI,5,47,6,12
CMP02180,Pune,145576.23,2,Kotak Mahindra,KYC_UPDATE,2,Indian Bank,7,54,6,17
CMP02181,Chennai,30411.23,1,Kotak Mahindra,JOB_FRAUD,1,Indian Bank,22,40,5,16
CMP02182,Delhi,37949.98,1,HDFC Bank,OTP_SCAM,3,Canara Bank,3,7,3,14
CMP02183,Ahmedabad,41771.08,1,ICICI Bank,KYC_UPDATE,9,Canara Bank,20,69,6,14
CMP02184,Jaipur,14405.17,1,HDFC Bank,INVESTMENT_SCAM,6,Indian Bank,18,11,4,17
CMP02185,Hyderabad,34673.41,1,Axis Bank,TECH_SUPPORT_SCAM,10,Bank of Baroda,11,44,3,5
CMP02186,Ahmedabad,39374.46,1,Kotak Mahindra,JOB_FRAUD,4,SBI,3,65,4,18
CMP02187,Patna,26069.0,1,Axis Bank,INVESTMENT_SCAM,2,Bank of Baroda,12,57,4,18
CMP02188,Jaipur,43842.69,1,ICICI Bank,TECH_SUPPORT_SCAM,2,Bank of Baroda,16,62,5,15
CMP02189,Chennai,41498.36,1,Axis Bank,LOTTERY_FRAUD,2,Bank of Baroda,12,23,3,13
CMP02190,Hyderabad,13870.49,1,HDFC Bank,OTP_SCAM,8,SBI,9,23,5,13
CMP02191,Lucknow,31274.57,1,ICICI Bank,LOAN_FRAUD,10,SBI,13,27,3,12
CMP02192,Bengaluru,30420.55,1,Kotak Mahindra,IMPERSONATION,10,Indian Bank,15,3,1,7
CMP02193,Delhi,34134.06,1,Axis Bank,OTP_SCAM,4,Indian Bank,20,30,3,2
CMP02194,Patna,675087.3,4,ICICI Bank,TECH_SUPPORT_SCAM,12,PNB,21,22,3,12
CMP02195,Patna,20568.9,1,ICICI Bank,TECH_SUPPORT_SCAM,2,Canara Bank,12,19,4,14
CMP02196,Kolkata,30743.76,1,Yes Bank,LOTTERY_FRAUD,5,PNB,0,12,4,13
CMP02197,Jaipur,168508.8,2,Axis Bank,OTP_SCAM,9,Bank of Baroda,23,67,5,16
CMP02198,Patna,97358.57,2,Yes Bank,LOAN_FRAUD,10,Bank of Baroda,4,14,3,13
CMP02199,Ahmedabad,34792.44,1,Axis Bank,TECH_SUPPORT_SCAM,12,Indian Bank,21,14,0,18
CMP02200,Ahmedabad,13764.74,1,ICICI Bank,TECH_SUPPORT_SCAM,7,SBI,19,60,2,14
CMP02201,Surat,34352.1,1,Kotak Mahindra,LOTTERY_FRAUD,7,SBI,6,63,4,18
CMP02202,Lucknow,31216.05,1,Yes Bank,INVESTMENT_SCAM,10,Indian Bank,5,7,0,0
CMP02203,Mumbai,37330.71,1,Kotak Mahindra,JOB_FRAUD,6,Bank of Baroda,5,15,3,13
CMP02204,Mumbai,129032.51,2,ICICI Bank,IMPERSONATION,8,SBI,8,5,6,9
CMP02205,Chennai,21834.14,1,Kotak Mahindra,OTP_SCAM,10,PNB,16,43,4,16
CMP02206,Pune,68549.35,2,Yes Bank,INVESTMENT_SCAM,9,Indian Bank,15,36,5,17
CMP02207,Bengaluru,60460.98,2,Axis Bank,LOTTERY_FRAUD,8,SBI,19,24,2,8
CMP02208,Ahmedabad,765334.73,4,ICICI Bank,JOB_FRAUD,12,SBI,12,5,0,16
CMP02209,Bengaluru,133228.81,2,Axis Bank,LOAN_FRAUD,4,SBI,10,30,0,12
CMP02210,Delhi,39475.14,1,Kotak Mahindra,INVESTMENT_SCAM,7,Indian Bank,19,6,5,17
CMP02211,Patna,187199.97,2,Yes Bank,TECH_SUPPORT_SCAM,3,Bank of Baroda,1,72,5,15
CMP02212,Jaipur,940583.43,4,ICICI Bank,JOB_FRAUD,11,Canara Bank,13,52,4,18
CMP02213,Chennai,15443.42,1,Kotak Mahindra,JOB_FRAUD,1,Bank of Baroda,15,29,5,18
CMP02214,Kolkata,90555.92,2,ICICI Bank,LOAN_FRAUD,12,PNB,22,68,6,7
CMP02215,Ahmedabad,22506.85,1,ICICI Bank,OTP_SCAM,12,PNB,0,13,4,13
CMP02216,Kolkata,49409.99,1,Axis Bank,LOAN_FRAUD,5,Indian Bank,0,21,5,13
CMP02217,Jaipur,63629.2,2,Kotak Mahindra,LOAN_FRAUD,12,Canara Bank,21,66,3,13
CMP02218,Delhi,29799.71,1,Yes Bank,LOAN_FRAUD,5,Indian Bank,6,70,4,6
CMP02219,Delhi,43550.83,1,Axis Bank,JOB_FRAUD,11,Canara Bank,2,8,4,5
CMP02220,Mumbai,25333.23,1,HDFC Bank,IMPERSONATION,11,SBI,19,35,1,18
CMP02221,Delhi,25264.19,1,ICICI Bank,LOTTERY_FRAUD,8,PNB,18,55,4,18
CMP02222,Chennai,20001.93,1,ICICI Bank,TECH_SUPPORT_SCAM,7,Indian Bank,2,70,6,0
CMP02223,Hyderabad,72319.44,2,ICICI Bank,INVESTMENT_SCAM,11,Canara Bank,0,49,3,17
CMP02224,Ahmedabad,130819.69,2,ICICI Bank,LOAN_FRAUD,5,PNB,7,31,2,13
CMP02225,Ahmedabad,27386.31,1,Yes Bank,IMPERSONATION,12,Canara Bank,11,37,1,17
CMP02226,Ahmedabad,10832.94,1,Yes Bank,LOTTERY_FRAUD,9,PNB,8,27,2,0
CMP02227,Kolkata,687022.88,4,Yes Bank,TECH_SUPPORT_SCAM,10,Indian Bank,15,2,1,14
CMP02228,Bengaluru,44475.48,1,ICICI Bank,LOAN_FRAUD,10,Canara Bank,12,43,0,12
CMP02229,Delhi,32019.15,1,Yes Bank,OTP_SCAM,6,Indian Bank,14,28,2,12
CMP02230,Lucknow,34451.62,1,Kotak Mahindra,IMPERSONATION,8,Bank of Baroda,8,59,0,14
CMP02231,Ahmedabad,143183.82,2,Yes Bank,OTP_SCAM,2,SBI,2,11,0,6
CMP02232,Surat,43170.77,1,Kotak Mahindra,LOAN_FRAUD,6,SBI,13,56,5,10
CMP02233,Lucknow,107653.92,2,Yes Bank,KYC_UPDATE,1,Bank of Baroda,21,38,2,17
CMP02234,Hyderabad,197507.41,2,ICICI Bank,INVESTMENT_SCAM,10,Canara Bank,18,67,2,15
CMP02235,Pune,136492.12,2,Axis Bank,OTP_SCAM,7,Bank of Baroda,7,63,2,12
CMP02236,Lucknow,130558.91,2,Kotak Mahindra,LOTTERY_FRAUD,8,SBI,5,43,6,12
CMP02237,Bengaluru,38229.01,1,HDFC Bank,LOTTERY_FRAUD,9,PNB,15,55,5,12
CMP02238,Pune,135945.54,2,Kotak Mahindra,KYC_UPDATE,9,PNB,23,53,6,14
CMP02239,Bengaluru,43595.94,1,Yes Bank,INVESTMENT_SCAM,4,Canara Bank,0,11,6,14
CMP02240,Patna,50230.07,2,Axis Bank,IMPERSONATION,10,SBI,9,65,6,15
CMP02241,Bengaluru,18649.4,1,Yes Bank,JOB_FRAUD,8,Bank of Baroda,10,54,1,18
CMP02242,Hyderabad,88724.75,2,Axis Bank,INVESTMENT_SCAM,4,Canara Bank,16,49,5,7
CMP02243,Mumbai,356941.01,3,Yes Bank,INVESTMENT_SCAM,11,SBI,11,57,5,15
CMP02244,Chennai,24293.12,1,HDFC Bank,JOB_FRAUD,5,Bank of Baroda,14,55,1,18
CMP02245,Ahmedabad,126416.04,2,Kotak Mahindra,INVESTMENT_SCAM,6,Indian Bank,17,63,6,15
CMP02246,Pune,156929.32,2,Axis Bank,LOAN_FRAUD,5,PNB,4,46,6,14
CMP02247,Delhi,32302.91,1,ICICI Bank,LOAN_FRAUD,7,Bank of Baroda,9,4,2,0
CMP02248,Ahmedabad,27806.09,1,Kotak Mahindra,JOB_FRAUD,2,Canara Bank,6,39,0,16
CMP02249,Delhi,146502.46,2,Yes Bank,INVESTMENT_SCAM,1,Indian Bank,1,36,5,15
CMP02250,Bengaluru,158352.72,2,Yes Bank,IMPERSONATION,4,PNB,10,32,4,10
CMP02251,Bengaluru,891935.35,4,ICICI Bank,IMPERSONATION,3,Canara Bank,4,53,3,0
CMP02252,Hyderabad,60520.94,2,Kotak Mahindra,OTP_SCAM,10,SBI,23,32,6,16
CMP02253,Mumbai,125279.63,2,HDFC Bank,IMPERSONATION,12,Indian Bank,18,52,6,14
CMP02254,Pune,117173.3,2,Axis Bank,KYC_UPDATE,4,Indian Bank,8,52,3,17
CMP02255,Jaipur,147186.47,2,Kotak Mahindra,JOB_FRAUD,9,SBI,16,63,5,13
CMP02256,Ahmedabad,52373.41,2,Kotak Mahindra,IMPERSONATION,3,Indian Bank,11,18,2,18
CMP02257,Delhi,16562.85,1,Yes Bank,TECH_SUPPORT_SCAM,2,Indian Bank,7,30,0,18
CMP02258,Jaipur,43527.04,1,Kotak Mahindra,LOTTERY_FRAUD,1,Canara Bank,21,31,4,4
CMP02259,Hyderabad,13529.58,1,HDFC Bank,KYC_UPDATE,2,Canara Bank,12,49,0,15
CMP02260,Chennai,39329.29,1,Yes Bank,INVESTMENT_SCAM,2,Indian Bank,16,44,1,15
CMP02261,Delhi,14124.46,1,ICICI Bank,LOTTERY_FRAUD,10,Canara Bank,23,22,5,13
CMP02262,Bengaluru,163217.33,2,HDFC Bank,INVESTMENT_SCAM,12,Indian Bank,13,53,2,15
CMP02263,Hyderabad,934938.6,4,HDFC Bank,JOB_FRAUD,2,PNB,2,65,5,18
CMP02264,Chennai,13141.39,1,Axis Bank,TECH_SUPPORT_SCAM,6,Bank of Baroda,6,68,6,14
CMP02265,Jaipur,34904.71,1,Yes Bank,KYC_UPDATE,6,Indian Bank,19,8,6,15
CMP02266,Lucknow,175925.48,2,Kotak Mahindra,LOTTERY_FRAUD,6,Canara Bank,3,49,3,13
CMP02267,Lucknow,31299.74,1,ICICI Bank,INVESTMENT_SCAM,10,SBI,18,12,4,1
CMP02268,Chennai,78361.79,2,Yes Bank,OTP_SCAM,5,SBI,4,23,2,3
CMP02269,Patna,160325.83,2,Kotak Mahindra,TECH_SUPPORT_SCAM,1,PNB,3,23,0,15
CMP02270,Hyderabad,63218.16,2,HDFC Bank,INVESTMENT_SCAM,5,SBI,7,11,2,11
CMP02271,Chennai,17592.37,1,HDFC Bank,TECH_SUPPORT_SCAM,6,SBI,9,38,0,14
CMP02272,Delhi,95461.88,2,Yes Bank,KYC_UPDATE,6,Bank of Baroda,10,41,3,17
CMP02273,Surat,32334.47,1,Axis Bank,INVESTMENT_SCAM,5,Canara Bank,5,13,1,17
CMP02274,Kolkata,190240.34,2,HDFC Bank,TECH_SUPPORT_SCAM,5,Bank of Baroda,23,14,0,15
CMP02275,Surat,40150.22,1,Yes Bank,IMPERSONATION,1,SBI,22,68,5,8
CMP02276,Surat,42969.07,1,HDFC Bank,LOTTERY_FRAUD,9,Bank of Baroda,4,20,5,12
CMP02277,Kolkata,193190.52,2,Kotak Mahindra,IMPERSONATION,10,Indian Bank,0,68,1,15
CMP02278,Delhi,41986.12,1,Axis Bank,OTP_SCAM,4,Indian Bank,20,46,3,12
CMP02279,Surat,48406.52,1,ICICI Bank,OTP_SCAM,3,PNB,21,60,6,13
CMP02280,Hyderabad,315798.44,3,ICICI Bank,LOTTERY_FRAUD,8,Indian Bank,11,12,2,13
CMP02281,Pune,930822.01,4,Yes Bank,TECH_SUPPORT_SCAM,12,SBI,16,52,0,1
CMP02282,Lucknow,26740.36,1,HDFC Bank,LOAN_FRAUD,3,PNB,11,39,3,13
CMP02283,Surat,145184.65,2,Yes Bank,OTP_SCAM,5,SBI,23,65,2,16
CMP02284,Delhi,103162.87,2,HDFC Bank,INVESTMENT_SCAM,6,Bank of Baroda,4,29,4,17
CMP02285,Bengaluru,61110.33,2,Kotak Mahindra,IMPERSONATION,10,Indian Bank,12,7,3,14
CMP02286,Mumbai,21177.69,1,ICICI Bank,KYC_UPDATE,7,Indian Bank,18,36,5,2
CMP02287,Chennai,40397.12,1,Yes Bank,OTP_SCAM,4,SBI,23,33,6,18
CMP02288,Surat,655630.25,4,ICICI Bank,TECH_SUPPORT_SCAM,3,Indian Bank,9,10,4,3
CMP02289,Jaipur,27619.99,1,Yes Bank,LOAN_FRAUD,6,SBI,17,31,4,12
CMP02290,Chennai,68914.19,2,HDFC Bank,JOB_FRAUD,6,Indian Bank,23,51,3,13
CMP02291,Pune,36433.18,1,Yes Bank,IMPERSONATION,6,Bank of Baroda,18,22,2,17
CMP02292,Kolkata,10064.42,1,Yes Bank,LOTTERY_FRAUD,12,PNB,3,68,1,12
CMP02293,Ahmedabad,39099.72,1,Yes Bank,OTP_SCAM,6,Indian Bank,21,55,3,15
CMP02294,Patna,82821.63,2,Kotak Mahindra,OTP_SCAM,6,Canara Bank,8,36,4,16
CMP02295,Kolkata,62174.14,2,HDFC Bank,TECH_SUPPORT_SCAM,6,PNB,15,42,2,14
CMP02296,Lucknow,28294.16,1,Yes Bank,LOTTERY_FRAUD,5,Bank of Baroda,8,12,5,13
CMP02297,Pune,14812.01,1,ICICI Bank,IMPERSONATION,8,Bank of Baroda,23,16,6,15
CMP02298,Bengaluru,41485.21,1,ICICI Bank,LOAN_FRAUD,10,Canara Bank,2,46,6,13
CMP02299,Jaipur,38905.03,1,Yes Bank,IMPERSONATION,7,Indian Bank,1,27,2,5
CMP02300,Mumbai,39456.33,1,Kotak Mahindra,OTP_SCAM,1,PNB,18,61,5,12
CMP02301,Kolkata,82244.98,2,Yes Bank,LOTTERY_FRAUD,9,Canara Bank,21,22,3,13
CMP02302,Ahmedabad,195624.24,2,HDFC Bank,LOAN_FRAUD,11,SBI,8,2,6,13
CMP02303,Bengaluru,41782.42,1,ICICI Bank,KYC_UPDATE,12,Bank of Baroda,16,52,3,15
CMP02304,Bengaluru,10630.9,1,Axis Bank,KYC_UPDATE,5,Canara Bank,7,20,3,15
CMP02305,Surat,35165.06,1,Kotak Mahindra,LOAN_FRAUD,8,PNB,23,27,3,9
CMP02306,Mumbai,49258.74,1,Yes Bank,KYC_UPDATE,12,PNB,13,57,5,17
CMP02307,Surat,192387.74,2,HDFC Bank,TECH_SUPPORT_SCAM,2,PNB,10,28,4,15
CMP02308,Bengaluru,16348.59,1,Axis Bank,JOB_FRAUD,3,Indian Bank,5,54,2,13
CMP02309,Jaipur,50379.15,2,Yes Bank,IMPERSONATION,5,Canara Bank,17,3,6,15
CMP02310,Patna,24813.01,1,Yes Bank,KYC_UPDATE,8,SBI,4,36,2,15
CMP02311,Chennai,76676.45,2,HDFC Bank,TECH_SUPPORT_SCAM,5,Bank of Baroda,21,32,4,10
CMP02312,Hyderabad,41205.28,1,Kotak Mahindra,JOB_FRAUD,7,Bank of Baroda,18,5,3,16
CMP02313,Pune,545527.5,4,ICICI Bank,LOAN_FRAUD,4,Canara Bank,15,64,0,13
CMP02314,Surat,178789.36,2,HDFC Bank,LOTTERY_FRAUD,5,Indian Bank,1,63,3,7
CMP02315,Mumbai,28664.85,1,Axis Bank,LOAN_FRAUD,6,PNB,1,7,0,13
CMP02316,Jaipur,392313.55,3,ICICI Bank,JOB_FRAUD,10,Canara Bank,2,34,5,18
CMP02317,Bengaluru,14154.5,1,Kotak Mahindra,TECH_SUPPORT_SCAM,6,Indian Bank,10,35,5,15
CMP02318,Mumbai,106113.88,2,Kotak Mahindra,LOAN_FRAUD,6,Indian Bank,6,41,1,12
CMP02319,Bengaluru,167863.45,2,Yes Bank,TECH_SUPPORT_SCAM,11,SBI,11,63,5,18
CMP02320,Pune,45917.05,1,Kotak Mahindra,KYC_UPDATE,1,Bank of Baroda,16,34,5,14
CMP02321,Chennai,10729.72,1,ICICI Bank,LOTTERY_FRAUD,8,Canara Bank,3,33,3,14
CMP02322,Hyderabad,170995.55,2,Kotak Mahindra,KYC_UPDATE,8,Indian Bank,22,32,2,15
CMP02323,Delhi,498290.64,3,Yes Bank,TECH_SUPPORT_SCAM,8,PNB,12,5,0,15
CMP02324,Delhi,54685.97,2,HDFC Bank,KYC_UPDATE,6,Bank of Baroda,1,14,3,12
CMP02325,Patna,27299.05,1,Axis Bank,JOB_FRAUD,1,Indian Bank,19,23,4,13
CMP02326,Surat,136745.13,2,ICICI Bank,IMPERSONATION,12,SBI,7,71,6,18
CMP02327,Jaipur,832469.37,4,Kotak Mahindra,IMPERSONATION,6,PNB,15,31,2,11
CMP02328,Delhi,31359.14,1,Kotak Mahindra,IMPERSONATION,8,SBI,6,35,6,14
CMP02329,Mumbai,17582.46,1,ICICI Bank,TECH_SUPPORT_SCAM,1,Indian Bank,19,60,6,18
CMP02330,Ahmedabad,40875.64,1,Kotak Mahindra,INVESTMENT_SCAM,6,PNB,18,53,3,2
CMP02331,Lucknow,196008.82,2,HDFC Bank,LOAN_FRAUD,12,PNB,21,2,5,13
CMP02332,Pune,108474.79,2,Kotak Mahindra,TECH_SUPPORT_SCAM,9,Canara Bank,0,66,1,10
CMP02333,Pune,33651.9,1,Kotak Mahindra,LOTTERY_FRAUD,12,PNB,8,9,1,16
CMP02334,Ahmedabad,150832.87,2,Yes Bank,IMPERSONATION,2,SBI,6,22,0,5
CMP02335,Kolkata,41588.72,1,Kotak Mahindra,TECH_SUPPORT_SCAM,2,SBI,17,19,6,14
CMP02336,Bengaluru,106631.36,2,Kotak Mahindra,IMPERSONATION,11,Canara Bank,11,28,1,15
CMP02337,Mumbai,153129.88,2,HDFC Bank,LOAN_FRAUD,2,Indian Bank,21,44,0,13
CMP02338,Pune,43021.18,1,Axis Bank,OTP_SCAM,1,PNB,20,70,0,12
CMP02339,Lucknow,91918.75,2,Axis Bank,IMPERSONATION,9,SBI,15,11,2,14
CMP02340,Mumbai,22945.73,1,Axis Bank,OTP_SCAM,4,Indian Bank,1,13,0,12
CMP02341,Delhi,41108.43,1,ICICI Bank,IMPERSONATION,9,SBI,9,60,3,0
CMP02342,Pune,389790.66,3,Kotak Mahindra,IMPERSONATION,2,Bank of Baroda,14,49,1,11
CMP02343,Jaipur,145476.29,2,Kotak Mahindra,OTP_SCAM,12,Bank of Baroda,5,13,3,13
CMP02344,Pune,32972.11,1,Axis Bank,OTP_SCAM,9,SBI,1,29,6,13
CMP02345,Ahmedabad,14367.53,1,Axis Bank,TECH_SUPPORT_SCAM,7,Indian Bank,19,11,3,14
CMP02346,Ahmedabad,775454.51,4,Axis Bank,OTP_SCAM,1,Indian Bank,15,2,1,13
CMP02347,Pune,44535.05,1,HDFC Bank,JOB_FRAUD,9,SBI,17,13,1,13
CMP02348,Jaipur,48429.02,1,HDFC Bank,IMPERSONATION,5,Bank of Baroda,7,9,4,15
CMP02349,Kolkata,26937.74,1,Kotak Mahindra,TECH_SUPPORT_SCAM,3,SBI,23,4,4,14
CMP02350,Hyderabad,189208.47,2,Yes Bank,TECH_SUPPORT_SCAM,3,SBI,7,26,6,17
CMP02351,Lucknow,145816.75,2,Axis Bank,INVESTMENT_SCAM,11,PNB,0,53,2,15
CMP02352,Hyderabad,40859.53,1,Axis Bank,JOB_FRAUD,7,Canara Bank,22,45,0,18
CMP02353,Delhi,13471.22,1,HDFC Bank,LOAN_FRAUD,9,PNB,10,48,4,18
CMP02354,Patna,40334.68,1,Yes Bank,JOB_FRAUD,4,SBI,19,59,0,16
CMP02355,Surat,30012.68,1,HDFC Bank,JOB_FRAUD,1,PNB,1,39,0,13
CMP02356,Bengaluru,19274.36,1,HDFC Bank,OTP_SCAM,5,Bank of Baroda,20,72,4,12
CMP02357,Lucknow,43309.13,1,Axis Bank,IMPERSONATION,9,SBI,14,60,6,14
CMP02358,Hyderabad,724844.06,4,ICICI Bank,IMPERSONATION,6,Canara Bank,22,59,5,14
CMP02359,Chennai,33205.76,1,HDFC Bank,JOB_FRAUD,4,PNB,13,58,2,15
CMP02360,Bengaluru,45876.2,1,HDFC Bank,LOAN_FRAUD,5,SBI,1,39,5,14
CMP02361,Mumbai,44257.83,1,Yes Bank,INVESTMENT_SCAM,6,SBI,9,21,3,17
CMP02362,Jaipur,29364.67,1,Kotak Mahindra,LOAN_FRAUD,2,SBI,18,61,3,13
CMP02363,Pune,30469.44,1,Axis Bank,LOAN_FRAUD,6,Bank of Baroda,14,20,1,6
CMP02364,Lucknow,18128.7,1,Axis Bank,LOAN_FRAUD,11,Canara Bank,0,65,2,12
CMP02365,Surat,33605.31,1,Kotak Mahindra,TECH_SUPPORT_SCAM,7,SBI,19,24,6,13
CMP02366,Chennai,121453.67,2,Yes Bank,KYC_UPDATE,7,PNB,19,57,3,14
CMP02367,Jaipur,43016.58,1,HDFC Bank,TECH_SUPPORT_SCAM,10,PNB,4,49,1,14
CMP02368,Mumbai,198253.4,2,HDFC Bank,JOB_FRAUD,8,SBI,3,17,4,18
CMP02369,Ahmedabad,19273.13,1,Yes Bank,OTP_SCAM,5,PNB,21,31,0,6
CMP02370,Hyderabad,172159.3,2,Axis Bank,INVESTMENT_SCAM,1,Bank of Baroda,0,49,4,8
CMP02371,Pune,15220.59,1,HDFC Bank,INVESTMENT_SCAM,10,Bank of Baroda,10,57,4,10
CMP02372,Patna,19697.6,1,Axis Bank,LOTTERY_FRAUD,3,SBI,22,7,0,8
CMP02373,Lucknow,41194.9,1,Yes Bank,LOAN_FRAUD,5,Canara Bank,10,32,0,16
CMP02374,Hyderabad,923611.42,4,ICICI Bank,OTP_SCAM,6,Canara Bank,16,1,2,13
CMP02375,Kolkata,44385.59,1,Axis Bank,LOAN_FRAUD,1,Canara Bank,13,71,4,13
CMP02376,Pune,192643.31,2,ICICI Bank,OTP_SCAM,4,SBI,5,16,1,15
CMP02377,Mumbai,26588.23,1,Yes Bank,OTP_SCAM,9,Canara Bank,6,17,4,18
CMP02378,Kolkata,154950.17,2,Yes Bank,JOB_FRAUD,4,Bank of Baroda,8,21,6,16
CMP02379,Patna,22388.38,1,HDFC Bank,LOTTERY_FRAUD,11,Bank of Baroda,3,55,0,17
CMP02380,Jaipur,11653.1,1,HDFC Bank,OTP_SCAM,6,SBI,16,63,2,12
CMP02381,Kolkata,123364.76,2,ICICI Bank,OTP_SCAM,2,SBI,9,47,2,13
CMP02382,Pune,15264.32,1,HDFC Bank,LOTTERY_FRAUD,5,SBI,14,41,5,3
CMP02383,Kolkata,16832.41,1,Kotak Mahindra,TECH_SUPPORT_SCAM,8,Indian Bank,1,30,6,1
CMP02384,Lucknow,47554.05,1,Axis Bank,JOB_FRAUD,12,Canara Bank,6,26,0,16
CMP02385,Chennai,35770.57,1,Yes Bank,LOTTERY_FRAUD,7,PNB,13,7,6,12
CMP02386,Patna,13019.09,1,ICICI Bank,JOB_FRAUD,3,PNB,23,69,2,18
CMP02387,Mumbai,27291.42,1,Axis Bank,OTP_SCAM,12,SBI,19,62,5,16
CMP02388,Mumbai,32494.04,1,Yes Bank,TECH_SUPPORT_SCAM,1,PNB,17,46,1,14
CMP02389,Delhi,163092.63,2,Axis Bank,JOB_FRAUD,11,Indian Bank,18,44,4,18
CMP02390,Bengaluru,170310.84,2,HDFC Bank,TECH_SUPPORT_SCAM,7,SBI,20,57,0,15
CMP02391,Bengaluru,199237.85,2,Kotak Mahindra,JOB_FRAUD,12,Canara Bank,9,24,2,16
CMP02392,Kolkata,127569.72,2,Kotak Mahindra,IMPERSONATION,6,PNB,17,31,5,15
CMP02393,Chennai,40059.85,1,Kotak Mahindra,JOB_FRAUD,8,Bank of Baroda,9,25,5,13
CMP02394,Patna,48979.45,1,Kotak Mahindra,LOAN_FRAUD,8,Indian Bank,12,47,3,13
CMP02395,Lucknow,237500.2,3,HDFC Bank,INVESTMENT_SCAM,10,PNB,7,35,4,17
CMP02396,Hyderabad,701187.37,4,Kotak Mahindra,LOTTERY_FRAUD,7,Indian Bank,23,7,4,13
CMP02397,Surat,15097.79,1,Axis Bank,IMPERSONATION,4,Bank of Baroda,5,52,3,4
CMP02398,Bengaluru,376659.01,3,Axis Bank,LOTTERY_FRAUD,3,Indian Bank,19,30,0,8
CMP02399,Mumbai,47768.91,1,Axis Bank,OTP_SCAM,8,PNB,3,59,1,12
CMP02400,Mumbai,48786.34,1,Axis Bank,LOAN_FRAUD,6,Bank of Baroda,0,2,5,13
CMP02401,Chennai,418317.9,3,Axis Bank,INVESTMENT_SCAM,9,Indian Bank,9,21,1,17
CMP02402,Patna,29066.65,1,Kotak Mahindra,TECH_SUPPORT_SCAM,12,Bank of Baroda,2,46,1,0
CMP02403,Kolkata,39143.76,1,Kotak Mahindra,LOTTERY_FRAUD,12,PNB,7,52,2,13
CMP02404,Patna,48855.59,1,Yes Bank,LOTTERY_FRAUD,10,SBI,1,56,2,13
CMP02405,Pune,29555.62,1,Axis Bank,KYC_UPDATE,3,Canara Bank,23,42,2,14
CMP02406,Pune,139803.65,2,ICICI Bank,LOTTERY_FRAUD,7,SBI,23,8,5,12
CMP02407,Patna,110036.83,2,ICICI Bank,INVESTMENT_SCAM,4,Canara Bank,0,36,2,18
CMP02408,Surat,37756.53,1,Axis Bank,LOTTERY_FRAUD,9,PNB,10,59,1,13
CMP02409,Chennai,19942.08,1,HDFC Bank,INVESTMENT_SCAM,4,Bank of Baroda,21,27,0,18
CMP02410,Mumbai,190010.7,2,ICICI Bank,LOAN_FRAUD,5,PNB,0,69,2,13
CMP02411,Chennai,12904.92,1,ICICI Bank,OTP_SCAM,1,Canara Bank,1,17,1,10
CMP02412,Delhi,459412.95,3,Kotak Mahindra,KYC_UPDATE,6,SBI,15,7,6,15
CMP02413,Kolkata,12848.26,1,ICICI Bank,LOAN_FRAUD,6,Canara Bank,18,21,2,2
CMP02414,Bengaluru,816555.81,4,ICICI Bank,LOTTERY_FRAUD,1,Indian Bank,2,12,6,13
CMP02415,Bengaluru,945280.48,4,ICICI Bank,OTP_SCAM,10,Canara Bank,2,61,0,13
CMP02416,Jaipur,76051.65,2,HDFC Bank,TECH_SUPPORT_SCAM,7,Bank of Baroda,16,17,2,15
CMP02417,Surat,180891.24,2,Kotak Mahindra,KYC_UPDATE,2,PNB,21,47,5,15
CMP02418,Delhi,21566.47,1,Kotak Mahindra,OTP_SCAM,2,Bank of Baroda,1,41,4,13
CMP02419,Patna,37433.54,1,Kotak Mahindra,IMPERSONATION,2,Bank of Baroda,22,55,0,16
CMP02420,Surat,46658.43,1,Yes Bank,OTP_SCAM,2,SBI,13,13,6,12
CMP02421,Lucknow,33755.87,1,Yes Bank,JOB_FRAUD,9,Indian Bank,1,36,6,12
CMP02422,Ahmedabad,48675.42,1,ICICI Bank,KYC_UPDATE,9,Indian Bank,15,69,5,17
CMP02423,Patna,33648.48,1,HDFC Bank,IMPERSONATION,11,Canara Bank,10,52,6,14
CMP02424,Kolkata,16243.3,1,Yes Bank,JOB_FRAUD,1,SBI,15,21,6,13
CMP02425,Jaipur,26799.0,1,ICICI Bank,LOAN_FRAUD,8,PNB,0,60,4,0
CMP02426,Delhi,616343.09,4,Kotak Mahindra,INVESTMENT_SCAM,8,Indian Bank,19,48,0,15
CMP02427,Ahmedabad,20537.42,1,Kotak Mahindra,INVESTMENT_SCAM,5,SBI,1,56,3,17
CMP02428,Bengaluru,183982.31,2,HDFC Bank,JOB_FRAUD,6,Indian Bank,2,55,2,18
CMP02429,Ahmedabad,271523.86,3,ICICI Bank,TECH_SUPPORT_SCAM,4,Canara Bank,1,57,1,15
CMP02430,Kolkata,40336.87,1,Axis Bank,OTP_SCAM,6,Indian Bank,6,31,6,13
CMP02431,Delhi,32288.38,1,ICICI Bank,INVESTMENT_SCAM,7,SBI,3,21,6,15
CMP02432,Pune,36591.45,1,ICICI Bank,JOB_FRAUD,2,SBI,4,48,6,16
CMP02433,Bengaluru,39775.03,1,Axis Bank,OTP_SCAM,1,Indian Bank,1,71,6,13
CMP02434,Chennai,25100.26,1,Yes Bank,JOB_FRAUD,8,Indian Bank,12,28,0,16
CMP02435,Pune,21641.99,1,HDFC Bank,INVESTMENT_SCAM,1,SBI,10,21,4,18
CMP02436,Surat,653114.84,4,Axis Bank,JOB_FRAUD,8,SBI,20,53,2,13
CMP02437,Kolkata,103883.94,2,Yes Bank,IMPERSONATION,8,Indian Bank,16,49,1,14
CMP02438,Pune,19992.47,1,Kotak Mahindra,TECH_SUPPORT_SCAM,1,SBI,4,29,2,18
CMP02439,Mumbai,127798.56,2,ICICI Bank,JOB_FRAUD,2,Canara Bank,23,6,6,13
CMP02440,Bengaluru,38385.52,1,HDFC Bank,OTP_SCAM,7,Bank of Baroda,3,24,1,13
CMP02441,Jaipur,41986.3,1,Yes Bank,LOAN_FRAUD,10,SBI,13,11,2,13
CMP02442,Hyderabad,41969.79,1,Axis Bank,LOAN_FRAUD,1,PNB,8,72,1,12
CMP02443,Surat,13072.38,1,HDFC Bank,INVESTMENT_SCAM,8,PNB,11,6,1,3
CMP02444,Surat,33486.42,1,ICICI Bank,OTP_SCAM,11,Bank of Baroda,3,34,6,12
CMP02445,Ahmedabad,41300.46,1,HDFC Bank,OTP_SCAM,5,SBI,2,65,4,3
CMP02446,Patna,47920.56,1,Yes Bank,KYC_UPDATE,12,PNB,21,19,2,13
CMP02447,Hyderabad,21236.15,1,HDFC Bank,INVESTMENT_SCAM,4,SBI,6,9,4,17
CMP02448,Delhi,73485.86,2,Axis Bank,LOAN_FRAUD,12,SBI,20,15,3,0
CMP02449,Hyderabad,10054.54,1,Kotak Mahindra,LOAN_FRAUD,9,SBI,23,36,6,13
CMP02450,Hyderabad,10871.24,1,Yes Bank,KYC_UPDATE,9,Bank of Baroda,3,34,6,12
CMP02451,Bengaluru,36455.69,1,Kotak Mahindra,LOAN_FRAUD,3,PNB,15,35,6,8
CMP02452,Chennai,35095.5,1,ICICI Bank,OTP_SCAM,5,Bank of Baroda,19,68,3,12
CMP02453,Surat,691896.5,4,ICICI Bank,KYC_UPDATE,12,Bank of Baroda,2,24,6,15
CMP02454,Ahmedabad,42362.59,1,HDFC Bank,OTP_SCAM,3,PNB,11,30,0,17
CMP02455,Bengaluru,43460.64,1,Kotak Mahindra,OTP_SCAM,4,Bank of Baroda,2,4,4,16
CMP02456,Ahmedabad,11498.07,1,HDFC Bank,LOAN_FRAUD,6,PNB,9,3,0,13
CMP02457,Patna,145422.45,2,Axis Bank,JOB_FRAUD,7,Indian Bank,16,35,4,18
CMP02458,Pune,12142.29,1,ICICI Bank,OTP_SCAM,2,Bank of Baroda,14,60,0,14
CMP02459,Chennai,676414.66,4,Kotak Mahindra,JOB_FRAUD,10,Canara Bank,6,5,3,18
CMP02460,Mumbai,422425.6,3,Yes Bank,JOB_FRAUD,1,Bank of Baroda,0,22,0,16
CMP02461,Bengaluru,19294.48,1,Yes Bank,TECH_SUPPORT_SCAM,8,Bank of Baroda,21,67,2,14
CMP02462,Bengaluru,584035.94,4,ICICI Bank,TECH_SUPPORT_SCAM,10,PNB,21,4,6,15
CMP02463,Delhi,137849.99,2,HDFC Bank,INVESTMENT_SCAM,10,Canara Bank,5,50,5,15
CMP02464,Surat,118454.3,2,HDFC Bank,IMPERSONATION,8,Indian Bank,3,59,1,9
CMP02465,Surat,38910.98,1,ICICI Bank,IMPERSONATION,9,Canara Bank,6,72,6,12
CMP02466,Pune,148827.96,2,ICICI Bank,TECH_SUPPORT_SCAM,3,Indian Bank,12,71,3,18
CMP02467,Hyderabad,122240.76,2,Yes Bank,INVESTMENT_SCAM,2,PNB,19,50,3,13
CMP02468,Bengaluru,44908.54,1,Axis Bank,OTP_SCAM,11,Indian Bank,10,60,4,16
CMP02469,Kolkata,138117.19,2,Axis Bank,IMPERSONATION,7,SBI,19,25,2,12
CMP02470,Ahmedabad,117179.06,2,ICICI Bank,LOAN_FRAUD,9,Indian Bank,3,38,5,10
CMP02471,Jaipur,87580.61,2,HDFC Bank,TECH_SUPPORT_SCAM,10,PNB,4,61,5,3
CMP02472,Ahmedabad,34173.47,1,Yes Bank,IMPERSONATION,6,PNB,20,8,2,14
CMP02473,Delhi,162476.89,2,HDFC Bank,OTP_SCAM,2,SBI,2,42,3,12
CMP02474,Lucknow,127140.5,2,Axis Bank,INVESTMENT_SCAM,12,Canara Bank,4,12,6,18
CMP02475,Lucknow,164624.3,2,Axis Bank,INVESTMENT_SCAM,10,Bank of Baroda,21,72,6,18
CMP02476,Mumbai,14994.76,1,HDFC Bank,INVESTMENT_SCAM,11,Canara Bank,21,60,5,15
CMP02477,Surat,49513.03,1,Kotak Mahindra,TECH_SUPPORT_SCAM,10,SBI,16,71,1,0
CMP02478,Chennai,857557.91,4,HDFC Bank,IMPERSONATION,12,Indian Bank,3,62,3,7
CMP02479,Kolkata,153541.69,2,ICICI Bank,OTP_SCAM,5,Bank of Baroda,13,31,3,13
CMP02480,Jaipur,72101.29,2,Kotak Mahindra,IMPERSONATION,1,Canara Bank,18,9,5,14
CMP02481,Kolkata,170756.49,2,Yes Bank,TECH_SUPPORT_SCAM,11,PNB,3,23,3,7
CMP02482,Patna,43826.38,1,Axis Bank,JOB_FRAUD,10,Indian Bank,5,24,2,13
CMP02483,Hyderabad,87246.89,2,Axis Bank,LOAN_FRAUD,5,Indian Bank,23,55,6,17
CMP02484,Lucknow,48843.73,1,HDFC Bank,IMPERSONATION,2,SBI,7,6,3,16
CMP02485,Bengaluru,23357.75,1,Yes Bank,OTP_SCAM,8,Bank of Baroda,22,45,4,16
CMP02486,Surat,34389.99,1,ICICI Bank,IMPERSONATION,9,Bank of Baroda,5,46,4,14
CMP02487,Ahmedabad,17143.1,1,ICICI Bank,LOAN_FRAUD,3,Bank of Baroda,23,51,3,6
CMP02488,Chennai,41852.16,1,Axis Bank,LOTTERY_FRAUD,5,Indian Bank,5,41,2,13
CMP02489,Chennai,103850.45,2,Kotak Mahindra,JOB_FRAUD,4,Indian Bank,15,41,6,13
CMP02490,Surat,12575.62,1,Kotak Mahindra,LOAN_FRAUD,11,Canara Bank,21,28,3,14
CMP02491,Chennai,514355.9,4,Yes Bank,OTP_SCAM,3,Bank of Baroda,20,60,6,12
CMP02492,Lucknow,41859.31,1,Axis Bank,TECH_SUPPORT_SCAM,4,PNB,17,6,2,15
CMP02493,Patna,30451.05,1,ICICI Bank,LOTTERY_FRAUD,11,Canara Bank,7,22,6,12
CMP02494,Kolkata,24125.68,1,Kotak Mahindra,KYC_UPDATE,12,PNB,9,70,2,14
CMP02495,Delhi,132561.98,2,HDFC Bank,LOTTERY_FRAUD,8,Indian Bank,4,70,3,13
CMP02496,Pune,164304.87,2,ICICI Bank,IMPERSONATION,10,Bank of Baroda,6,51,2,10
CMP02497,Bengaluru,908001.48,4,HDFC Bank,TECH_SUPPORT_SCAM,1,SBI,1,66,0,14
CMP02498,Kolkata,51929.74,2,Kotak Mahindra,LOTTERY_FRAUD,4,PNB,13,2,3,10
CMP02499,Kolkata,78560.1,2,Yes Bank,OTP_SCAM,1,PNB,8,19,6,12
CMP02500,Chennai,71231.87,2,Yes Bank,TECH_SUPPORT_SCAM,7,SBI,17,4,6,18
CMP02501,Mumbai,32326.07,1,Kotak Mahindra,INVESTMENT_SCAM,10,Bank of Baroda,23,40,0,18
CMP02502,Hyderabad,27435.76,1,Axis Bank,TECH_SUPPORT_SCAM,1,SBI,8,60,0,14
CMP02503,Surat,39154.73,1,Axis Bank,LOAN_FRAUD,1,Indian Bank,3,63,3,13
CMP02504,Lucknow,14760.61,1,HDFC Bank,LOTTERY_FRAUD,3,Indian Bank,0,41,6,13
CMP02505,Mumbai,156252.24,2,ICICI Bank,IMPERSONATION,6,SBI,11,21,5,14
CMP02506,Bengaluru,718337.31,4,Yes Bank,OTP_SCAM,4,Indian Bank,20,39,1,13
CMP02507,Jaipur,151454.33,2,Kotak Mahindra,LOAN_FRAUD,6,PNB,19,47,0,2
CMP02508,Bengaluru,27416.08,1,ICICI Bank,KYC_UPDATE,6,Canara Bank,5,60,3,17
CMP02509,Ahmedabad,421088.3,3,HDFC Bank,LOTTERY_FRAUD,2,PNB,18,3,1,12
CMP02510,Mumbai,177431.85,2,Yes Bank,JOB_FRAUD,2,Bank of Baroda,9,17,1,18
CMP02511,Surat,56779.34,2,Axis Bank,TECH_SUPPORT_SCAM,10,Canara Bank,23,46,4,18
CMP02512,Patna,167788.17,2,Yes Bank,JOB_FRAUD,2,SBI,18,71,1,16
CMP02513,Ahmedabad,44719.28,1,ICICI Bank,JOB_FRAUD,5,Bank of Baroda,3,12,3,13
CMP02514,Delhi,334309.39,3,HDFC Bank,JOB_FRAUD,11,Canara Bank,3,27,1,13
CMP02515,Delhi,37230.35,1,Yes Bank,OTP_SCAM,5,PNB,2,17,5,16
CMP02516,Pune,792378.86,4,Kotak Mahindra,OTP_SCAM,7,Canara Bank,23,32,5,15
CMP02517,Jaipur,11945.54,1,HDFC Bank,LOTTERY_FRAUD,12,Canara Bank,7,28,4,13
CMP02518,Lucknow,30501.18,1,Axis Bank,LOTTERY_FRAUD,10,Indian Bank,3,70,6,7
CMP02519,Ahmedabad,654778.31,4,ICICI Bank,JOB_FRAUD,12,SBI,20,1,3,13
CMP02520,Hyderabad,727558.07,4,Axis Bank,LOAN_FRAUD,11,Bank of Baroda,9,36,0,1
CMP02521,Ahmedabad,25424.06,1,Yes Bank,JOB_FRAUD,12,PNB,10,37,5,16
CMP02522,Surat,23635.3,1,Kotak Mahindra,KYC_UPDATE,12,SBI,20,66,1,16
CMP02523,Pune,155606.42,2,Yes Bank,TECH_SUPPORT_SCAM,8,SBI,18,55,2,18
CMP02524,Pune,169605.23,2,Kotak Mahindra,INVESTMENT_SCAM,7,Canara Bank,2,49,3,18
CMP02525,Jaipur,64679.25,2,ICICI Bank,OTP_SCAM,8,SBI,21,60,3,3
CMP02526,Bengaluru,18716.48,1,HDFC Bank,INVESTMENT_SCAM,8,SBI,18,21,1,17
CMP02527,Delhi,34160.59,1,ICICI Bank,LOAN_FRAUD,7,PNB,4,71,2,12
CMP02528,Mumbai,28344.03,1,ICICI Bank,INVESTMENT_SCAM,6,Bank of Baroda,10,43,6,17
CMP02529,Hyderabad,15118.36,1,Yes Bank,LOTTERY_FRAUD,4,SBI,8,62,3,12
CMP02530,Patna,37794.43,1,ICICI Bank,OTP_SCAM,6,Canara Bank,1,20,0,12
CMP02531,Mumbai,47333.91,1,ICICI Bank,LOAN_FRAUD,5,Bank of Baroda,11,36,6,13
CMP02532,Mumbai,677652.35,4,Yes Bank,LOTTERY_FRAUD,4,Indian Bank,20,19,3,13
CMP02533,Delhi,335087.95,3,Kotak Mahindra,TECH_SUPPORT_SCAM,2,Bank of Baroda,4,70,5,14
CMP02534,Ahmedabad,24108.05,1,Axis Bank,TECH_SUPPORT_SCAM,7,Canara Bank,21,1,2,18
CMP02535,Delhi,114305.59,2,ICICI Bank,TECH_SUPPORT_SCAM,4,Bank of Baroda,15,64,3,9
CMP02536,Chennai,78752.93,2,ICICI Bank,INVESTMENT_SCAM,7,Bank of Baroda,23,8,2,15
CMP02537,Lucknow,38834.91,1,ICICI Bank,OTP_SCAM,7,PNB,4,55,4,16
CMP02538,Delhi,741227.67,4,Yes Bank,LOTTERY_FRAUD,6,Bank of Baroda,12,14,3,1
CMP02539,Pune,23630.41,1,Kotak Mahindra,IMPERSONATION,12,SBI,3,23,0,6
CMP02540,Hyderabad,29024.93,1,Yes Bank,LOAN_FRAUD,8,SBI,5,15,3,12
CMP02541,Pune,175861.94,2,ICICI Bank,INVESTMENT_SCAM,12,Indian Bank,23,21,4,4
CMP02542,Delhi,16384.62,1,Axis Bank,KYC_UPDATE,1,PNB,13,6,6,17
CMP02543,Lucknow,77274.66,2,ICICI Bank,LOTTERY_FRAUD,8,Bank of Baroda,1,41,2,12
CMP02544,Kolkata,16029.04,1,Yes Bank,JOB_FRAUD,1,PNB,22,67,6,13
CMP02545,Kolkata,21645.45,1,Kotak Mahindra,KYC_UPDATE,9,Indian Bank,13,54,2,15
CMP02546,Jaipur,37704.42,1,Kotak Mahindra,LOAN_FRAUD,10,SBI,0,55,6,14
CMP02547,Surat,18700.76,1,Axis Bank,LOTTERY_FRAUD,3,Canara Bank,17,60,5,12
CMP02548,Jaipur,29142.05,1,HDFC Bank,OTP_SCAM,5,Indian Bank,14,7,3,16
CMP02549,Lucknow,41822.62,1,Axis Bank,LOTTERY_FRAUD,7,PNB,4,66,6,12
CMP02550,Surat,10052.39,1,Kotak Mahindra,KYC_UPDATE,2,Canara Bank,6,64,0,15
CMP02551,Ahmedabad,18050.59,1,Kotak Mahindra,TECH_SUPPORT_SCAM,9,Indian Bank,22,52,3,18
CMP02552,Kolkata,14928.43,1,Kotak Mahindra,KYC_UPDATE,9,Indian Bank,5,34,1,15
CMP02553,Pune,62711.12,2,Axis Bank,TECH_SUPPORT_SCAM,7,SBI,19,11,4,18
CMP02554,Delhi,166916.67,2,HDFC Bank,JOB_FRAUD,1,Bank of Baroda,21,52,3,3
CMP02555,Kolkata,158679.67,2,HDFC Bank,TECH_SUPPORT_SCAM,8,Bank of Baroda,1,61,6,18
CMP02556,Ahmedabad,139565.39,2,Yes Bank,INVESTMENT_SCAM,6,Indian Bank,14,20,5,13
CMP02557,Pune,47054.92,1,HDFC Bank,KYC_UPDATE,2,Canara Bank,18,1,0,14
CMP02558,Lucknow,24888.96,1,Axis Bank,JOB_FRAUD,12,SBI,4,45,5,16
CMP02559,Surat,49590.29,1,Yes Bank,INVESTMENT_SCAM,1,PNB,5,61,2,15
CMP02560,Pune,33965.84,1,Kotak Mahindra,LOAN_FRAUD,11,Canara Bank,10,58,5,12
CMP02561,Ahmedabad,58423.45,2,Yes Bank,LOTTERY_FRAUD,11,Canara Bank,2,52,2,13
CMP02562,Hyderabad,996292.39,4,HDFC Bank,JOB_FRAUD,2,Canara Bank,7,59,6,7
CMP02563,Ahmedabad,106898.07,2,Kotak Mahindra,JOB_FRAUD,11,Indian Bank,3,49,6,16
CMP02564,Bengaluru,36291.97,1,Kotak Mahindra,TECH_SUPPORT_SCAM,8,SBI,11,67,2,18
CMP02565,Hyderabad,18457.56,1,Yes Bank,LOAN_FRAUD,1,Indian Bank,10,65,3,1
CMP02566,Jaipur,34688.11,1,Axis Bank,TECH_SUPPORT_SCAM,6,Canara Bank,17,56,1,18
CMP02567,Kolkata,14662.4,1,Kotak Mahindra,TECH_SUPPORT_SCAM,2,Indian Bank,22,8,5,14
CMP02568,Ahmedabad,49818.63,1,Kotak Mahindra,LOAN_FRAUD,10,Indian Bank,10,29,6,12
CMP02569,Mumbai,118093.97,2,Yes Bank,IMPERSONATION,1,PNB,22,26,5,0
CMP02570,Kolkata,34647.99,1,ICICI Bank,OTP_SCAM,5,Bank of Baroda,15,18,0,13
CMP02571,Patna,157739.25,2,Yes Bank,LOTTERY_FRAUD,9,Bank of Baroda,4,9,6,9
CMP02572,Pune,27874.26,1,Axis Bank,JOB_FRAUD,12,Indian Bank,12,1,2,18
CMP02573,Jaipur,41776.07,1,Yes Bank,KYC_UPDATE,11,Canara Bank,5,11,2,15
CMP02574,Bengaluru,15762.27,1,Yes Bank,JOB_FRAUD,5,SBI,5,55,3,13
CMP02575,Patna,464514.3,3,Yes Bank,JOB_FRAUD,8,Indian Bank,8,43,4,16
CMP02576,Chennai,940963.5,4,Axis Bank,KYC_UPDATE,2,SBI,4,28,3,0
CMP02577,Patna,36539.53,1,Kotak Mahindra,TECH_SUPPORT_SCAM,12,PNB,2,27,2,15
CMP02578,Kolkata,121777.55,2,Axis Bank,KYC_UPDATE,5,Indian Bank,7,55,5,11
CMP02579,Mumbai,26082.52,1,HDFC Bank,IMPERSONATION,7,Canara Bank,22,17,5,1
CMP02580,Delhi,11210.24,1,Kotak Mahindra,JOB_FRAUD,10,Canara Bank,10,30,0,18
CMP02581,Pune,43479.87,1,Axis Bank,JOB_FRAUD,4,PNB,21,23,6,15
CMP02582,Lucknow,44888.19,1,Kotak Mahindra,KYC_UPDATE,5,PNB,11,54,1,3
CMP02583,Pune,123731.41,2,HDFC Bank,LOTTERY_FRAUD,9,PNB,5,72,3,12
CMP02584,Mumbai,126598.56,2,Axis Bank,IMPERSONATION,6,Canara Bank,16,52,3,15
CMP02585,Mumbai,132646.3,2,Yes Bank,LOAN_FRAUD,3,SBI,16,23,2,12
CMP02586,Patna,33573.28,1,HDFC Bank,IMPERSONATION,10,Canara Bank,22,68,6,16
CMP02587,Surat,99250.78,2,Yes Bank,LOTTERY_FRAUD,8,Canara Bank,1,32,0,13
CMP02588,Mumbai,10670.82,1,ICICI Bank,JOB_FRAUD,12,PNB,13,49,4,16
CMP02589,Surat,47789.64,1,Kotak Mahindra,JOB_FRAUD,7,Indian Bank,22,44,1,13
CMP02590,Delhi,46510.74,1,ICICI Bank,IMPERSONATION,1,PNB,14,72,1,14
CMP02591,Surat,84133.4,2,HDFC Bank,KYC_UPDATE,3,Bank of Baroda,7,35,5,17
CMP02592,Chennai,36014.96,1,Axis Bank,JOB_FRAUD,3,Bank of Baroda,14,64,5,1
CMP02593,Hyderabad,38228.76,1,Axis Bank,OTP_SCAM,6,PNB,15,28,0,14
CMP02594,Surat,46978.71,1,ICICI Bank,INVESTMENT_SCAM,9,PNB,14,3,2,8
CMP02595,Surat,46329.67,1,ICICI Bank,OTP_SCAM,6,Canara Bank,16,29,4,14
CMP02596,Hyderabad,32316.7,1,HDFC Bank,OTP_SCAM,7,SBI,2,47,6,16
CMP02597,Pune,41470.83,1,Kotak Mahindra,IMPERSONATION,9,PNB,10,49,4,15
CMP02598,Jaipur,143539.95,2,ICICI Bank,IMPERSONATION,3,PNB,2,21,2,15
CMP02599,Surat,113486.09,2,Kotak Mahindra,JOB_FRAUD,1,SBI,5,31,5,16
CMP02600,Ahmedabad,35447.2,1,Axis Bank,LOTTERY_FRAUD,8,SBI,19,42,1,1
CMP02601,Chennai,86198.58,2,Yes Bank,INVESTMENT_SCAM,1,Indian Bank,16,64,0,12
CMP02602,Lucknow,34982.17,1,ICICI Bank,LOTTERY_FRAUD,6,PNB,10,71,6,1
CMP02603,Mumbai,43508.21,1,Axis Bank,OTP_SCAM,4,PNB,6,42,3,12
CMP02604,Kolkata,940801.73,4,Yes Bank,JOB_FRAUD,2,Bank of Baroda,11,56,5,16
CMP02605,Jaipur,105628.03,2,Axis Bank,TECH_SUPPORT_SCAM,6,Indian Bank,11,4,2,14
CMP02606,Kolkata,30557.84,1,Yes Bank,IMPERSONATION,8,SBI,9,10,4,15
CMP02607,Kolkata,915376.06,4,Axis Bank,TECH_SUPPORT_SCAM,1,PNB,16,65,1,2
CMP02608,Pune,156464.86,2,Axis Bank,IMPERSONATION,2,SBI,2,39,6,15
CMP02609,Surat,18180.38,1,Axis Bank,LOAN_FRAUD,3,Canara Bank,21,18,3,8
CMP02610,Chennai,71224.48,2,HDFC Bank,JOB_FRAUD,12,Indian Bank,1,25,6,7
CMP02611,Surat,902442.66,4,HDFC Bank,LOTTERY_FRAUD,12,PNB,9,2,5,18
CMP02612,Ahmedabad,167898.04,2,ICICI Bank,INVESTMENT_SCAM,11,Canara Bank,18,33,0,17
CMP02613,Bengaluru,33319.78,1,ICICI Bank,OTP_SCAM,8,Canara Bank,1,4,2,15
CMP02614,Mumbai,26265.45,1,ICICI Bank,LOAN_FRAUD,3,PNB,2,71,4,12
CMP02615,Surat,120948.73,2,ICICI Bank,LOAN_FRAUD,9,Canara Bank,6,28,4,13
CMP02616,Jaipur,29742.75,1,Kotak Mahindra,LOTTERY_FRAUD,7,Indian Bank,9,17,0,4
CMP02617,Kolkata,125375.12,2,Yes Bank,OTP_SCAM,12,SBI,7,6,0,13
CMP02618,Patna,35788.99,1,Yes Bank,LOTTERY_FRAUD,1,Indian Bank,22,9,4,12
CMP02619,Kolkata,33028.59,1,ICICI Bank,TECH_SUPPORT_SCAM,10,SBI,18,5,4,14
CMP02620,Bengaluru,81034.57,2,Kotak Mahindra,INVESTMENT_SCAM,12,Indian Bank,14,20,1,12
CMP02621,Delhi,44330.3,1,Axis Bank,JOB_FRAUD,8,SBI,6,71,4,18
CMP02622,Delhi,18237.77,1,Axis Bank,LOAN_FRAUD,2,SBI,5,3,6,7
CMP02623,Hyderabad,29723.71,1,Yes Bank,LOAN_FRAUD,7,Canara Bank,8,67,3,11
CMP02624,Surat,73024.41,2,Kotak Mahindra,OTP_SCAM,6,Bank of Baroda,22,59,1,13
CMP02625,Ahmedabad,35699.59,1,HDFC Bank,KYC_UPDATE,11,PNB,23,10,0,17
CMP02626,Surat,135999.67,2,Kotak Mahindra,TECH_SUPPORT_SCAM,4,SBI,12,27,0,18
CMP02627,Bengaluru,33887.84,1,Yes Bank,OTP_SCAM,5,Indian Bank,12,51,5,16
CMP02628,Chennai,39687.58,1,Kotak Mahindra,INVESTMENT_SCAM,1,SBI,10,67,6,18
CMP02629,Hyderabad,17304.23,1,HDFC Bank,KYC_UPDATE,7,Indian Bank,9,28,6,15
CMP02630,Hyderabad,17707.92,1,Axis Bank,JOB_FRAUD,12,Indian Bank,20,22,1,13
CMP02631,Kolkata,870773.84,4,ICICI Bank,JOB_FRAUD,6,Indian Bank,4,48,4,8
CMP02632,Bengaluru,184124.81,2,HDFC Bank,TECH_SUPPORT_SCAM,10,PNB,13,4,1,16
CMP02633,Chennai,18247.67,1,Kotak Mahindra,LOTTERY_FRAUD,9,Bank of Baroda,22,63,1,13
CMP02634,Chennai,19415.43,1,Yes Bank,LOTTERY_FRAUD,1,SBI,8,57,2,12
CMP02635,Lucknow,25715.79,1,Kotak Mahindra,LOAN_FRAUD,12,Bank of Baroda,15,12,1,12
CMP02636,Bengaluru,25985.43,1,Axis Bank,JOB_FRAUD,10,PNB,3,34,2,18
CMP02637,Surat,17130.5,1,Axis Bank,KYC_UPDATE,2,Canara Bank,3,40,5,15
CMP02638,Ahmedabad,25468.42,1,Yes Bank,KYC_UPDATE,2,Bank of Baroda,0,26,3,17
CMP02639,Surat,35223.7,1,HDFC Bank,IMPERSONATION,6,Canara Bank,12,45,2,15
CMP02640,Lucknow,49545.55,1,Axis Bank,IMPERSONATION,8,PNB,0,26,2,8
CMP02641,Hyderabad,168189.39,2,Axis Bank,TECH_SUPPORT_SCAM,6,Indian Bank,0,2,1,2
CMP02642,Patna,15993.43,1,Kotak Mahindra,KYC_UPDATE,3,PNB,7,67,3,15
CMP02643,Pune,194885.8,2,ICICI Bank,LOAN_FRAUD,11,SBI,14,27,3,7
CMP02644,Pune,144647.13,2,HDFC Bank,TECH_SUPPORT_SCAM,6,Indian Bank,0,25,2,14
CMP02645,Pune,17559.04,1,Axis Bank,IMPERSONATION,9,SBI,22,34,6,0
CMP02646,Hyderabad,44864.2,1,Yes Bank,INVESTMENT_SCAM,9,Canara Bank,15,60,0,15
CMP02647,Patna,68617.04,2,Axis Bank,JOB_FRAUD,6,Indian Bank,5,46,2,13
CMP02648,Patna,197145.74,2,Axis Bank,IMPERSONATION,3,Canara Bank,22,61,6,15
CMP02649,Jaipur,10479.23,1,Axis Bank,LOTTERY_FRAUD,9,PNB,13,9,5,6
CMP02650,Hyderabad,154567.65,2,Kotak Mahindra,LOAN_FRAUD,11,Indian Bank,10,24,1,12
CMP02651,Lucknow,39291.32,1,ICICI Bank,INVESTMENT_SCAM,7,PNB,19,63,5,17
CMP02652,Mumbai,47837.72,1,Kotak Mahindra,OTP_SCAM,8,SBI,4,37,5,13
CMP02653,Surat,166727.9,2,ICICI Bank,KYC_UPDATE,5,SBI,18,39,4,17
CMP02654,Pune,15990.07,1,ICICI Bank,LOTTERY_FRAUD,12,Canara Bank,17,26,5,17
CMP02655,Surat,49741.86,1,Axis Bank,JOB_FRAUD,11,Bank of Baroda,3,27,0,13
CMP02656,Ahmedabad,43117.55,1,Axis Bank,TECH_SUPPORT_SCAM,12,Bank of Baroda,10,67,4,14
CMP02657,Delhi,38861.32,1,Yes Bank,JOB_FRAUD,5,Indian Bank,0,63,5,18
CMP02658,Mumbai,38502.56,1,Axis Bank,KYC_UPDATE,5,Bank of Baroda,2,14,4,7
CMP02659,Patna,40697.86,1,Kotak Mahindra,OTP_SCAM,5,Canara Bank,15,28,5,16
CMP02660,Surat,735284.3,4,ICICI Bank,TECH_SUPPORT_SCAM,8,PNB,9,72,5,15
CMP02661,Delhi,14839.99,1,HDFC Bank,JOB_FRAUD,9,Bank of Baroda,4,44,1,18
CMP02662,Pune,803961.35,4,Yes Bank,KYC_UPDATE,9,SBI,12,62,4,1
CMP02663,Pune,31645.7,1,Kotak Mahindra,IMPERSONATION,12,Bank of Baroda,11,27,4,18
CMP02664,Jaipur,43010.97,1,HDFC Bank,TECH_SUPPORT_SCAM,5,Bank of Baroda,16,18,0,0
CMP02665,Chennai,49354.2,1,Kotak Mahindra,OTP_SCAM,12,SBI,14,6,6,16
CMP02666,Surat,29948.42,1,Kotak Mahindra,IMPERSONATION,4,Indian Bank,22,5,4,16
CMP02667,Hyderabad,37809.78,1,Yes Bank,INVESTMENT_SCAM,10,Canara Bank,13,63,5,15
CMP02668,Patna,169766.5,2,Kotak Mahindra,LOTTERY_FRAUD,1,Canara Bank,21,35,6,12
CMP02669,Ahmedabad,63471.84,2,Kotak Mahindra,LOTTERY_FRAUD,6,Bank of Baroda,19,66,1,12
CMP02670,Jaipur,170969.8,2,Yes Bank,JOB_FRAUD,1,Canara Bank,6,40,2,4
CMP02671,Kolkata,196504.49,2,Kotak Mahindra,OTP_SCAM,7,PNB,1,28,1,12
CMP02672,Bengaluru,10404.36,1,ICICI Bank,LOAN_FRAUD,8,Canara Bank,22,5,3,8
CMP02673,Surat,30597.62,1,Kotak Mahindra,OTP_SCAM,6,PNB,4,20,2,16
CMP02674,Mumbai,29287.51,1,ICICI Bank,TECH_SUPPORT_SCAM,12,Canara Bank,20,4,0,11
CMP02675,Ahmedabad,29702.68,1,Kotak Mahindra,INVESTMENT_SCAM,4,Indian Bank,7,28,2,17
CMP02676,Kolkata,41460.93,1,Yes Bank,IMPERSONATION,8,PNB,7,64,5,15
CMP02677,Delhi,40672.91,1,ICICI Bank,KYC_UPDATE,12,PNB,22,7,0,17
CMP02678,Pune,27830.83,1,ICICI Bank,LOTTERY_FRAUD,1,Canara Bank,8,26,1,3
CMP02679,Lucknow,195239.93,2,Axis Bank,INVESTMENT_SCAM,7,Canara Bank,4,47,5,17
CMP02680,Jaipur,42037.87,1,ICICI Bank,LOAN_FRAUD,2,Bank of Baroda,20,48,6,3
CMP02681,Ahmedabad,49089.74,1,Yes Bank,JOB_FRAUD,9,Bank of Baroda,20,50,2,13
CMP02682,Hyderabad,37869.13,1,ICICI Bank,LOAN_FRAUD,6,SBI,7,60,4,13
CMP02683,Bengaluru,79732.85,2,ICICI Bank,OTP_SCAM,11,PNB,19,55,4,16
CMP02684,Surat,42111.56,1,ICICI Bank,LOAN_FRAUD,9,Indian Bank,1,29,4,14
CMP02685,Pune,19520.9,1,ICICI Bank,INVESTMENT_SCAM,12,SBI,3,66,2,13
CMP02686,Bengaluru,25844.9,1,HDFC Bank,TECH_SUPPORT_SCAM,3,SBI,13,68,3,15
CMP02687,Chennai,44833.3,1,Axis Bank,JOB_FRAUD,7,Bank of Baroda,18,69,3,13
CMP02688,Surat,22416.78,1,HDFC Bank,KYC_UPDATE,9,PNB,15,49,1,15
CMP02689,Chennai,49431.51,1,Kotak Mahindra,IMPERSONATION,4,Canara Bank,7,33,4,9
CMP02690,Chennai,39763.96,1,Yes Bank,OTP_SCAM,6,Indian Bank,13,47,3,11
CMP02691,Mumbai,11252.46,1,Kotak Mahindra,INVESTMENT_SCAM,9,SBI,4,12,0,17
CMP02692,Ahmedabad,75161.72,2,Kotak Mahindra,INVESTMENT_SCAM,11,PNB,23,50,5,6
CMP02693,Kolkata,32571.21,1,ICICI Bank,LOTTERY_FRAUD,9,Canara Bank,19,9,3,3
CMP02694,Delhi,27231.66,1,Yes Bank,KYC_UPDATE,5,SBI,23,3,5,17
CMP02695,Hyderabad,144192.46,2,Axis Bank,IMPERSONATION,9,Bank of Baroda,6,61,4,15
CMP02696,Jaipur,139920.52,2,Kotak Mahindra,KYC_UPDATE,10,SBI,15,13,3,17
CMP02697,Delhi,157365.86,2,Axis Bank,KYC_UPDATE,8,Canara Bank,13,56,4,8
CMP02698,Chennai,182327.46,2,ICICI Bank,JOB_FRAUD,8,Indian Bank,23,42,1,13
CMP02699,Ahmedabad,27700.08,1,Kotak Mahindra,TECH_SUPPORT_SCAM,2,Canara Bank,9,58,3,14
CMP02700,Hyderabad,42776.45,1,ICICI Bank,JOB_FRAUD,6,Canara Bank,16,41,4,18
CMP02701,Surat,30460.16,1,Axis Bank,LOTTERY_FRAUD,3,SBI,18,50,2,13
CMP02702,Chennai,26228.02,1,Axis Bank,LOAN_FRAUD,6,PNB,10,23,0,12
CMP02703,Delhi,30844.52,1,ICICI Bank,IMPERSONATION,8,Indian Bank,1,27,2,13
CMP02704,Ahmedabad,12343.93,1,Kotak Mahindra,LOAN_FRAUD,5,SBI,15,52,2,13
CMP02705,Pune,14631.69,1,HDFC Bank,KYC_UPDATE,2,Bank of Baroda,10,6,6,17
CMP02706,Bengaluru,47047.77,1,Yes Bank,TECH_SUPPORT_SCAM,12,Bank of Baroda,2,6,0,9
CMP02707,Bengaluru,24912.27,1,Yes Bank,KYC_UPDATE,4,Indian Bank,17,54,5,12
CMP02708,Mumbai,10012.95,1,ICICI Bank,OTP_SCAM,6,Indian Bank,0,22,4,13
CMP02709,Mumbai,171597.02,2,HDFC Bank,OTP_SCAM,3,SBI,14,13,4,13
CMP02710,Surat,165608.8,2,HDFC Bank,IMPERSONATION,5,Indian Bank,3,25,3,11
CMP02711,Bengaluru,42519.16,1,Axis Bank,OTP_SCAM,10,SBI,18,29,6,13
CMP02712,Mumbai,29321.09,1,Yes Bank,JOB_FRAUD,11,Bank of Baroda,17,2,5,18
CMP02713,Lucknow,761595.76,4,Axis Bank,LOTTERY_FRAUD,8,SBI,19,55,0,13
CMP02714,Kolkata,16527.74,1,HDFC Bank,INVESTMENT_SCAM,5,PNB,4,6,4,8
CMP02715,Pune,60956.26,2,HDFC Bank,OTP_SCAM,8,PNB,15,64,2,13
CMP02716,Surat,25977.06,1,Kotak Mahindra,LOTTERY_FRAUD,9,Canara Bank,2,24,3,4
CMP02717,Pune,43206.69,1,ICICI Bank,OTP_SCAM,7,SBI,2,55,2,12
CMP02718,Mumbai,59520.86,2,Yes Bank,KYC_UPDATE,1,Bank of Baroda,2,16,5,7
CMP02719,Chennai,44992.67,1,HDFC Bank,INVESTMENT_SCAM,6,PNB,16,64,4,4
CMP02720,Ahmedabad,172399.12,2,ICICI Bank,OTP_SCAM,2,PNB,10,56,4,16
CMP02721,Patna,179026.69,2,Kotak Mahindra,OTP_SCAM,10,SBI,1,37,2,12
CMP02722,Kolkata,14897.97,1,HDFC Bank,KYC_UPDATE,7,PNB,8,14,5,0
CMP02723,Hyderabad,153768.79,2,Kotak Mahindra,LOAN_FRAUD,9,SBI,15,14,2,7
CMP02724,Ahmedabad,45011.26,1,Yes Bank,LOAN_FRAUD,5,Canara Bank,0,52,0,10
CMP02725,Ahmedabad,27287.94,1,ICICI Bank,OTP_SCAM,5,Bank of Baroda,17,29,5,16
CMP02726,Jaipur,262539.23,3,Axis Bank,OTP_SCAM,10,PNB,4,3,2,13
CMP02727,Kolkata,130048.1,2,Axis Bank,IMPERSONATION,11,PNB,14,52,6,14
CMP02728,Delhi,30977.46,1,HDFC Bank,INVESTMENT_SCAM,5,Bank of Baroda,20,52,0,15
CMP02729,Patna,34350.01,1,HDFC Bank,TECH_SUPPORT_SCAM,11,PNB,14,50,0,18
CMP02730,Surat,17585.64,1,Yes Bank,LOTTERY_FRAUD,7,Bank of Baroda,19,67,1,12
CMP02731,Pune,16296.05,1,HDFC Bank,JOB_FRAUD,7,SBI,15,63,6,18
CMP02732,Bengaluru,47512.46,1,Kotak Mahindra,KYC_UPDATE,4,PNB,10,19,2,14
CMP02733,Bengaluru,39804.99,1,Kotak Mahindra,LOTTERY_FRAUD,1,SBI,16,40,4,14
CMP02734,Mumbai,51238.2,2,Axis Bank,LOTTERY_FRAUD,6,SBI,11,30,2,6
CMP02735,Lucknow,34504.78,1,Axis Bank,KYC_UPDATE,7,Canara Bank,19,30,2,14
CMP02736,Surat,15875.36,1,HDFC Bank,LOTTERY_FRAUD,10,SBI,18,35,2,7
CMP02737,Hyderabad,130737.27,2,HDFC Bank,KYC_UPDATE,1,Canara Bank,15,66,1,14
CMP02738,Patna,56769.86,2,Yes Bank,JOB_FRAUD,12,PNB,4,13,0,13
CMP02739,Mumbai,892395.1,4,ICICI Bank,INVESTMENT_SCAM,10,Bank of Baroda,23,67,0,17
CMP02740,Pune,74393.73,2,Yes Bank,OTP_SCAM,3,Bank of Baroda,13,45,3,16
CMP02741,Pune,48896.15,1,Axis Bank,INVESTMENT_SCAM,9,Canara Bank,11,17,3,17
CMP02742,Chennai,39914.08,1,Kotak Mahindra,LOTTERY_FRAUD,6,PNB,4,42,1,14
CMP02743,Lucknow,401412.27,3,HDFC Bank,LOTTERY_FRAUD,1,Canara Bank,11,30,4,5
CMP02744,Kolkata,27405.93,1,HDFC Bank,JOB_FRAUD,8,Canara Bank,12,6,4,13
CMP02745,Bengaluru,69407.29,2,Yes Bank,LOAN_FRAUD,2,Bank of Baroda,20,61,2,6
CMP02746,Lucknow,41085.42,1,Axis Bank,IMPERSONATION,4,Indian Bank,22,18,3,1
CMP02747,Hyderabad,35422.81,1,HDFC Bank,JOB_FRAUD,5,Canara Bank,3,2,6,16
CMP02748,Kolkata,482021.78,3,Yes Bank,TECH_SUPPORT_SCAM,7,Indian Bank,14,40,2,6
CMP02749,Patna,152528.77,2,Yes Bank,KYC_UPDATE,2,Bank of Baroda,11,30,1,8
CMP02750,Kolkata,13689.4,1,Yes Bank,JOB_FRAUD,10,Bank of Baroda,1,27,6,18
CMP02751,Patna,131410.67,2,Yes Bank,LOAN_FRAUD,6,Bank of Baroda,11,71,5,12
CMP02752,Lucknow,847198.35,4,Kotak Mahindra,JOB_FRAUD,12,SBI,4,15,2,18
CMP02753,Chennai,29641.77,1,Kotak Mahindra,LOAN_FRAUD,4,Bank of Baroda,9,6,1,12
CMP02754,Chennai,47175.16,1,Yes Bank,LOTTERY_FRAUD,5,Canara Bank,14,2,2,13
CMP02755,Surat,22386.16,1,Yes Bank,LOAN_FRAUD,7,PNB,15,64,2,12
CMP02756,Ahmedabad,36888.41,1,Kotak Mahindra,IMPERSONATION,7,Canara Bank,14,49,5,4
CMP02757,Kolkata,47117.25,1,Yes Bank,KYC_UPDATE,2,PNB,16,54,6,5
CMP02758,Lucknow,38332.6,1,Axis Bank,JOB_FRAUD,3,Bank of Baroda,6,27,1,9
CMP02759,Pune,40419.61,1,Yes Bank,TECH_SUPPORT_SCAM,10,Bank of Baroda,12,52,5,1
CMP02760,Lucknow,20094.98,1,Axis Bank,LOAN_FRAUD,2,PNB,8,27,2,8
CMP02761,Mumbai,16160.81,1,Yes Bank,KYC_UPDATE,7,Canara Bank,8,24,0,15
CMP02762,Lucknow,32364.45,1,HDFC Bank,JOB_FRAUD,12,Bank of Baroda,23,29,6,13
CMP02763,Surat,24457.19,1,Kotak Mahindra,KYC_UPDATE,10,Canara Bank,17,48,4,5
CMP02764,Patna,188209.41,2,ICICI Bank,KYC_UPDATE,10,Bank of Baroda,6,53,1,12
CMP02765,Patna,27106.79,1,Kotak Mahindra,TECH_SUPPORT_SCAM,8,PNB,15,61,3,15
CMP02766,Mumbai,49936.79,1,ICICI Bank,IMPERSONATION,2,Canara Bank,2,45,1,17
CMP02767,Lucknow,29655.55,1,Yes Bank,OTP_SCAM,3,Canara Bank,4,25,1,12
CMP02768,Mumbai,13279.9,1,Axis Bank,IMPERSONATION,1,SBI,19,14,2,14
CMP02769,Kolkata,16251.35,1,ICICI Bank,LOAN_FRAUD,5,Bank of Baroda,2,34,4,12
CMP02770,Mumbai,52782.23,2,Kotak Mahindra,IMPERSONATION,8,Canara Bank,20,12,2,15
CMP02771,Lucknow,135844.38,2,HDFC Bank,INVESTMENT_SCAM,8,Bank of Baroda,14,30,3,18
CMP02772,Delhi,22222.11,1,ICICI Bank,KYC_UPDATE,8,PNB,21,23,0,15
CMP02773,Hyderabad,43770.01,1,Axis Bank,LOTTERY_FRAUD,8,Indian Bank,20,47,2,14
CMP02774,Kolkata,37251.62,1,Kotak Mahindra,INVESTMENT_SCAM,1,Bank of Baroda,9,13,6,15
CMP02775,Pune,137935.79,2,ICICI Bank,INVESTMENT_SCAM,1,Bank of Baroda,16,44,3,17
CMP02776,Delhi,80069.98,2,Yes Bank,KYC_UPDATE,11,Canara Bank,11,65,3,15
CMP02777,Chennai,29847.37,1,ICICI Bank,LOAN_FRAUD,5,Bank of Baroda,5,49,1,13
CMP02778,Bengaluru,127736.39,2,Yes Bank,IMPERSONATION,5,Bank of Baroda,20,50,3,8
CMP02779,Surat,171372.28,2,HDFC Bank,JOB_FRAUD,6,Canara Bank,7,36,6,16
CMP02780,Surat,86200.63,2,ICICI Bank,OTP_SCAM,1,Canara Bank,15,22,4,16
CMP02781,Bengaluru,11079.42,1,ICICI Bank,IMPERSONATION,5,Indian Bank,14,45,2,14
CMP02782,Bengaluru,31347.12,1,ICICI Bank,OTP_SCAM,4,Indian Bank,12,25,1,3
CMP02783,Ahmedabad,619889.33,4,Yes Bank,INVESTMENT_SCAM,5,Bank of Baroda,22,36,6,15
CMP02784,Jaipur,10052.32,1,ICICI Bank,INVESTMENT_SCAM,5,SBI,12,28,1,8
CMP02785,Bengaluru,111141.7,2,HDFC Bank,OTP_SCAM,12,SBI,16,30,6,16
CMP02786,Chennai,27081.65,1,Axis Bank,INVESTMENT_SCAM,8,Bank of Baroda,22,51,6,18
CMP02787,Kolkata,89668.45,2,Kotak Mahindra,INVESTMENT_SCAM,10,PNB,10,19,6,17
CMP02788,Delhi,115431.59,2,HDFC Bank,KYC_UPDATE,3,SBI,15,69,0,17
CMP02789,Ahmedabad,28459.35,1,Axis Bank,KYC_UPDATE,5,Indian Bank,18,61,1,14
CMP02790,Mumbai,117078.08,2,Axis Bank,IMPERSONATION,4,Canara Bank,20,48,2,15
CMP02791,Bengaluru,146199.06,2,HDFC Bank,INVESTMENT_SCAM,11,Canara Bank,5,53,0,15
CMP02792,Lucknow,59069.39,2,Kotak Mahindra,IMPERSONATION,7,Canara Bank,2,70,5,5
CMP02793,Chennai,15095.04,1,Kotak Mahindra,LOTTERY_FRAUD,4,SBI,15,60,2,13
CMP02794,Surat,30021.95,1,ICICI Bank,KYC_UPDATE,8,PNB,0,43,5,14
CMP02795,Delhi,172800.48,2,Kotak Mahindra,KYC_UPDATE,2,Canara Bank,8,6,3,15
CMP02796,Jaipur,844424.49,4,Yes Bank,LOAN_FRAUD,9,Canara Bank,7,33,4,11
CMP02797,Chennai,37135.74,1,Kotak Mahindra,JOB_FRAUD,11,Canara Bank,9,34,4,18
CMP02798,Chennai,125907.51,2,HDFC Bank,OTP_SCAM,9,Bank of Baroda,21,50,6,7
CMP02799,Ahmedabad,125386.37,2,Kotak Mahindra,KYC_UPDATE,6,Indian Bank,8,34,2,17
CMP02800,Surat,17447.61,1,Yes Bank,TECH_SUPPORT_SCAM,1,PNB,20,5,3,18
CMP02801,Surat,167185.69,2,Axis Bank,OTP_SCAM,7,PNB,3,47,1,16
CMP02802,Patna,18757.79,1,Yes Bank,LOTTERY_FRAUD,7,Indian Bank,19,22,1,12
CMP02803,Delhi,33726.74,1,ICICI Bank,LOAN_FRAUD,8,SBI,11,36,6,1
CMP02804,Pune,15838.78,1,Kotak Mahindra,LOTTERY_FRAUD,3,PNB,20,46,1,12
CMP02805,Hyderabad,129755.01,2,ICICI Bank,OTP_SCAM,2,PNB,22,5,6,12
CMP02806,Delhi,54879.9,2,Axis Bank,LOTTERY_FRAUD,2,Indian Bank,7,8,2,12
CMP02807,Lucknow,182746.45,2,Axis Bank,INVESTMENT_SCAM,8,Bank of Baroda,18,68,5,17
CMP02808,Chennai,130367.62,2,Yes Bank,TECH_SUPPORT_SCAM,6,SBI,15,19,6,14
CMP02809,Hyderabad,64769.99,2,ICICI Bank,IMPERSONATION,6,Indian Bank,10,24,6,14
CMP02810,Lucknow,673398.91,4,Yes Bank,IMPERSONATION,6,SBI,7,7,4,15
CMP02811,Hyderabad,41968.29,1,Yes Bank,LOAN_FRAUD,7,Bank of Baroda,0,38,4,3
CMP02812,Surat,20212.31,1,HDFC Bank,TECH_SUPPORT_SCAM,10,Indian Bank,13,38,0,18
CMP02813,Ahmedabad,140200.16,2,Yes Bank,JOB_FRAUD,6,Canara Bank,6,48,6,13
CMP02814,Lucknow,23189.42,1,ICICI Bank,OTP_SCAM,8,PNB,14,58,5,13
CMP02815,Patna,67620.79,2,ICICI Bank,TECH_SUPPORT_SCAM,5,Canara Bank,6,66,3,18
CMP02816,Patna,12484.97,1,Kotak Mahindra,JOB_FRAUD,1,Indian Bank,9,43,2,16
CMP02817,Jaipur,17899.12,1,Axis Bank,IMPERSONATION,7,SBI,18,44,6,15
CMP02818,Bengaluru,11194.89,1,Axis Bank,LOTTERY_FRAUD,4,Indian Bank,5,58,3,13
CMP02819,Hyderabad,37181.6,1,HDFC Bank,IMPERSONATION,3,PNB,12,47,1,9
CMP02820,Mumbai,47155.55,1,ICICI Bank,TECH_SUPPORT_SCAM,2,Canara Bank,1,8,2,18
CMP02821,Hyderabad,910184.14,4,Axis Bank,INVESTMENT_SCAM,10,Canara Bank,11,56,6,18
CMP02822,Chennai,811431.88,4,Axis Bank,INVESTMENT_SCAM,12,Bank of Baroda,13,66,0,17
CMP02823,Hyderabad,40365.29,1,Yes Bank,OTP_SCAM,1,SBI,1,38,1,12
CMP02824,Pune,64023.46,2,Kotak Mahindra,TECH_SUPPORT_SCAM,6,Indian Bank,22,59,4,18
CMP02825,Patna,55407.02,2,ICICI Bank,OTP_SCAM,11,SBI,18,67,4,16
CMP02826,Delhi,13131.16,1,Axis Bank,KYC_UPDATE,9,Canara Bank,3,48,6,14
CMP02827,Hyderabad,152895.86,2,HDFC Bank,IMPERSONATION,10,SBI,23,31,5,13
CMP02828,Jaipur,732551.55,4,Yes Bank,INVESTMENT_SCAM,3,SBI,7,70,4,17
CMP02829,Lucknow,21333.06,1,Yes Bank,KYC_UPDATE,4,Indian Bank,14,67,0,13
CMP02830,Ahmedabad,182101.71,2,Kotak Mahindra,JOB_FRAUD,12,PNB,4,2,4,13
CMP02831,Hyderabad,21123.76,1,ICICI Bank,LOTTERY_FRAUD,7,Bank of Baroda,23,53,2,8
CMP02832,Pune,164243.82,2,Yes Bank,JOB_FRAUD,11,PNB,19,56,3,13
CMP02833,Pune,95352.91,2,Yes Bank,KYC_UPDATE,8,Bank of Baroda,19,22,2,15
CMP02834,Hyderabad,655229.32,4,Kotak Mahindra,LOAN_FRAUD,4,Indian Bank,22,43,1,13
CMP02835,Ahmedabad,51535.54,2,Axis Bank,IMPERSONATION,4,PNB,4,49,6,0
CMP02836,Hyderabad,49839.99,1,Yes Bank,IMPERSONATION,7,Bank of Baroda,16,9,0,5
CMP02837,Patna,144521.68,2,ICICI Bank,LOTTERY_FRAUD,11,PNB,20,18,2,12
CMP02838,Delhi,38280.1,1,ICICI Bank,LOTTERY_FRAUD,4,Bank of Baroda,8,7,3,6
CMP02839,Jaipur,19784.3,1,Axis Bank,IMPERSONATION,6,Indian Bank,8,43,2,10
CMP02840,Pune,32464.9,1,Kotak Mahindra,JOB_FRAUD,8,Canara Bank,0,7,2,13
CMP02841,Pune,191095.87,2,Kotak Mahindra,IMPERSONATION,5,Bank of Baroda,8,28,3,5
CMP02842,Delhi,27375.72,1,Axis Bank,JOB_FRAUD,2,Bank of Baroda,6,33,6,18
CMP02843,Kolkata,28236.52,1,HDFC Bank,LOAN_FRAUD,7,Indian Bank,3,48,1,13
CMP02844,Patna,217361.66,3,Yes Bank,KYC_UPDATE,11,Canara Bank,10,53,2,14
CMP02845,Lucknow,20524.45,1,Axis Bank,TECH_SUPPORT_SCAM,9,SBI,6,24,6,14
CMP02846,Ahmedabad,153775.88,2,ICICI Bank,IMPERSONATION,8,PNB,1,36,1,3
CMP02847,Ahmedabad,789342.85,4,HDFC Bank,OTP_SCAM,10,Indian Bank,15,6,0,12
CMP02848,Bengaluru,110964.38,2,Kotak Mahindra,LOAN_FRAUD,10,Canara Bank,19,3,2,15
CMP02849,Surat,64352.38,2,ICICI Bank,OTP_SCAM,10,Canara Bank,3,38,1,16
CMP02850,Hyderabad,161301.81,2,HDFC Bank,OTP_SCAM,8,Bank of Baroda,11,16,1,12
CMP02851,Kolkata,21500.03,1,HDFC Bank,LOTTERY_FRAUD,9,Bank of Baroda,6,59,0,12
CMP02852,Delhi,116520.46,2,Axis Bank,LOTTERY_FRAUD,2,PNB,7,12,1,12
CMP02853,Delhi,46173.13,1,ICICI Bank,IMPERSONATION,4,PNB,11,44,4,14
CMP02854,Bengaluru,47607.06,1,Axis Bank,JOB_FRAUD,3,Canara Bank,1,31,3,16
CMP02855,Jaipur,48406.58,1,Axis Bank,LOTTERY_FRAUD,1,SBI,23,56,4,12
CMP02856,Jaipur,30902.0,1,HDFC Bank,TECH_SUPPORT_SCAM,3,SBI,12,59,6,15
CMP02857,Bengaluru,187856.5,2,ICICI Bank,INVESTMENT_SCAM,4,Indian Bank,0,48,2,17
CMP02858,Ahmedabad,137252.25,2,Axis Bank,KYC_UPDATE,1,Bank of Baroda,6,19,6,17
CMP02859,Kolkata,111839.73,2,Axis Bank,OTP_SCAM,7,PNB,16,43,5,10
CMP02860,Patna,12752.96,1,HDFC Bank,KYC_UPDATE,12,PNB,20,9,2,17
CMP02861,Bengaluru,21377.33,1,HDFC Bank,OTP_SCAM,10,SBI,11,32,1,6
CMP02862,Delhi,154985.4,2,Axis Bank,INVESTMENT_SCAM,12,Bank of Baroda,6,60,5,0
CMP02863,Mumbai,27958.93,1,Kotak Mahindra,LOAN_FRAUD,4,Canara Bank,20,19,0,0
CMP02864,Jaipur,38002.84,1,HDFC Bank,LOAN_FRAUD,3,SBI,19,22,4,7
CMP02865,Pune,43622.7,1,Yes Bank,INVESTMENT_SCAM,2,Bank of Baroda,17,48,3,15
CMP02866,Bengaluru,48073.59,1,HDFC Bank,JOB_FRAUD,10,Canara Bank,7,31,0,2
CMP02867,Pune,25136.96,1,Axis Bank,OTP_SCAM,10,Canara Bank,17,25,1,2
CMP02868,Patna,54189.48,2,ICICI Bank,JOB_FRAUD,5,Bank of Baroda,19,33,5,16
CMP02869,Bengaluru,43637.48,1,ICICI Bank,LOAN_FRAUD,10,Canara Bank,14,3,5,13
CMP02870,Patna,120346.08,2,Axis Bank,OTP_SCAM,3,Bank of Baroda,20,42,3,16
CMP02871,Mumbai,15146.82,1,Yes Bank,JOB_FRAUD,7,PNB,20,50,6,2
CMP02872,Lucknow,53958.43,2,Kotak Mahindra,KYC_UPDATE,1,Indian Bank,19,29,3,18
CMP02873,Patna,60086.47,2,Axis Bank,KYC_UPDATE,1,Indian Bank,14,7,0,4
CMP02874,Surat,47162.67,1,Kotak Mahindra,JOB_FRAUD,9,PNB,21,68,3,16
CMP02875,Mumbai,25427.89,1,Axis Bank,OTP_SCAM,8,Indian Bank,4,13,0,13
CMP02876,Ahmedabad,22717.39,1,HDFC Bank,LOAN_FRAUD,8,Bank of Baroda,19,47,3,3
CMP02877,Kolkata,494715.94,3,HDFC Bank,LOTTERY_FRAUD,2,Canara Bank,7,59,6,13
CMP02878,Delhi,28679.02,1,HDFC Bank,TECH_SUPPORT_SCAM,6,Bank of Baroda,8,68,3,15
CMP02879,Lucknow,89321.04,2,ICICI Bank,KYC_UPDATE,8,SBI,14,37,3,14
CMP02880,Pune,24913.75,1,Yes Bank,TECH_SUPPORT_SCAM,4,Canara Bank,19,61,6,18
CMP02881,Mumbai,183808.82,2,Yes Bank,OTP_SCAM,1,PNB,13,16,1,13
CMP02882,Patna,24782.44,1,Kotak Mahindra,KYC_UPDATE,10,Indian Bank,21,5,1,14
CMP02883,Delhi,41913.69,1,Axis Bank,INVESTMENT_SCAM,9,Bank of Baroda,23,62,2,15
CMP02884,Ahmedabad,21070.63,1,ICICI Bank,LOTTERY_FRAUD,3,SBI,17,63,2,3
CMP02885,Lucknow,138385.06,2,ICICI Bank,LOTTERY_FRAUD,10,Bank of Baroda,9,48,0,13
CMP02886,Kolkata,28403.6,1,Yes Bank,LOTTERY_FRAUD,2,PNB,13,43,0,18
CMP02887,Pune,97439.87,2,Kotak Mahindra,LOAN_FRAUD,11,Canara Bank,15,64,5,2
CMP02888,Hyderabad,81752.44,2,ICICI Bank,JOB_FRAUD,3,SBI,20,41,1,13
CMP02889,Surat,33504.42,1,Axis Bank,KYC_UPDATE,6,Bank of Baroda,14,21,0,17
CMP02890,Ahmedabad,198771.7,2,Yes Bank,INVESTMENT_SCAM,8,Canara Bank,5,33,1,18
CMP02891,Jaipur,10662.91,1,HDFC Bank,IMPERSONATION,9,Indian Bank,18,35,1,18
CMP02892,Hyderabad,21993.68,1,HDFC Bank,LOAN_FRAUD,12,SBI,15,61,2,13
CMP02893,Mumbai,125739.49,2,HDFC Bank,LOTTERY_FRAUD,9,SBI,20,54,4,3
CMP02894,Kolkata,48129.74,1,Yes Bank,INVESTMENT_SCAM,6,PNB,6,68,2,2
CMP02895,Mumbai,94935.22,2,Axis Bank,KYC_UPDATE,1,Bank of Baroda,11,51,0,15
CMP02896,Ahmedabad,427065.88,3,ICICI Bank,LOTTERY_FRAUD,6,Canara Bank,5,1,1,7
CMP02897,Surat,75442.57,2,Axis Bank,TECH_SUPPORT_SCAM,10,Bank of Baroda,21,32,4,18
CMP02898,Chennai,46522.79,1,Axis Bank,JOB_FRAUD,5,PNB,19,44,6,15
CMP02899,Surat,87475.3,2,HDFC Bank,OTP_SCAM,1,Bank of Baroda,18,68,6,1
CMP02900,Patna,15338.47,1,Axis Bank,JOB_FRAUD,7,SBI,8,11,5,18
CMP02901,Pune,25318.79,1,HDFC Bank,LOAN_FRAUD,6,Bank of Baroda,1,44,3,12
CMP02902,Mumbai,25682.63,1,ICICI Bank,LOAN_FRAUD,11,PNB,23,2,1,2
CMP02903,Ahmedabad,34504.97,1,Axis Bank,TECH_SUPPORT_SCAM,2,Indian Bank,21,48,5,15
CMP02904,Kolkata,42577.6,1,Axis Bank,TECH_SUPPORT_SCAM,3,Indian Bank,3,14,5,14
CMP02905,Hyderabad,82459.87,2,HDFC Bank,KYC_UPDATE,1,Canara Bank,16,47,5,18
CMP02906,Patna,16153.45,1,HDFC Bank,INVESTMENT_SCAM,3,Canara Bank,3,21,6,3
CMP02907,Hyderabad,125913.32,2,HDFC Bank,JOB_FRAUD,1,PNB,9,40,3,13
CMP02908,Bengaluru,31698.5,1,Yes Bank,IMPERSONATION,9,Canara Bank,14,24,6,14
CMP02909,Pune,449736.96,3,Axis Bank,JOB_FRAUD,2,Indian Bank,8,16,2,18
CMP02910,Mumbai,45306.76,1,HDFC Bank,OTP_SCAM,1,PNB,6,14,2,16
CMP02911,Hyderabad,978276.77,4,ICICI Bank,INVESTMENT_SCAM,5,Indian Bank,23,17,1,8
CMP02912,Kolkata,199860.81,2,Kotak Mahindra,IMPERSONATION,2,Bank of Baroda,5,2,1,15
CMP02913,Lucknow,121113.03,2,Kotak Mahindra,INVESTMENT_SCAM,1,Bank of Baroda,0,40,6,17
CMP02914,Pune,48853.64,1,Kotak Mahindra,JOB_FRAUD,8,Bank of Baroda,22,64,3,2
CMP02915,Jaipur,57763.86,2,Axis Bank,OTP_SCAM,5,PNB,7,28,5,13
CMP02916,Surat,28478.08,1,Yes Bank,OTP_SCAM,3,Bank of Baroda,4,45,2,13
CMP02917,Ahmedabad,17115.27,1,Yes Bank,KYC_UPDATE,11,Indian Bank,13,30,4,17
CMP02918,Lucknow,126693.39,2,HDFC Bank,INVESTMENT_SCAM,3,Indian Bank,6,49,5,17
CMP02919,Lucknow,49351.96,1,Kotak Mahindra,JOB_FRAUD,1,Indian Bank,1,36,1,18
CMP02920,Pune,105082.36,2,ICICI Bank,JOB_FRAUD,9,SBI,7,10,6,16
CMP02921,Pune,28703.17,1,ICICI Bank,KYC_UPDATE,4,Canara Bank,1,45,0,0
CMP02922,Jaipur,46753.08,1,Axis Bank,JOB_FRAUD,12,SBI,9,37,5,13
CMP02923,Bengaluru,48327.67,1,Kotak Mahindra,INVESTMENT_SCAM,9,Bank of Baroda,4,10,1,18
CMP02924,Mumbai,24359.83,1,Yes Bank,TECH_SUPPORT_SCAM,9,Canara Bank,23,22,1,18
CMP02925,Bengaluru,161374.4,2,HDFC Bank,TECH_SUPPORT_SCAM,4,PNB,19,9,2,14
CMP02926,Pune,187509.67,2,Axis Bank,INVESTMENT_SCAM,12,SBI,0,53,3,18
CMP02927,Chennai,191417.23,2,Kotak Mahindra,IMPERSONATION,12,Canara Bank,10,4,2,14
CMP02928,Kolkata,38082.5,1,ICICI Bank,LOTTERY_FRAUD,3,Canara Bank,16,60,6,1
CMP02929,Pune,66805.53,2,ICICI Bank,INVESTMENT_SCAM,11,PNB,16,11,3,17
CMP02930,Hyderabad,296004.18,3,Kotak Mahindra,TECH_SUPPORT_SCAM,3,Canara Bank,5,57,5,14
CMP02931,Jaipur,43650.51,1,ICICI Bank,INVESTMENT_SCAM,2,SBI,6,31,0,17
CMP02932,Kolkata,100149.39,2,ICICI Bank,IMPERSONATION,7,SBI,18,34,5,0
CMP02933,Lucknow,26699.27,1,HDFC Bank,INVESTMENT_SCAM,1,Indian Bank,17,48,5,18
CMP02934,Mumbai,20113.08,1,Yes Bank,LOTTERY_FRAUD,5,PNB,17,12,3,13
CMP02935,Mumbai,35661.18,1,Kotak Mahindra,IMPERSONATION,8,Indian Bank,20,25,1,9
CMP02936,Delhi,35769.09,1,ICICI Bank,JOB_FRAUD,1,PNB,21,64,2,18
CMP02937,Kolkata,44831.54,1,HDFC Bank,LOAN_FRAUD,7,SBI,0,38,6,12
CMP02938,Mumbai,23358.32,1,ICICI Bank,LOAN_FRAUD,4,SBI,23,59,4,12
CMP02939,Pune,538610.58,4,ICICI Bank,LOTTERY_FRAUD,10,PNB,22,60,1,12
CMP02940,Surat,643452.51,4,Yes Bank,KYC_UPDATE,9,Indian Bank,22,71,6,15
CMP02941,Jaipur,29215.32,1,Kotak Mahindra,IMPERSONATION,2,Canara Bank,21,10,1,17
CMP02942,Lucknow,35434.44,1,Yes Bank,KYC_UPDATE,10,PNB,5,6,2,14
CMP02943,Bengaluru,39570.55,1,HDFC Bank,LOAN_FRAUD,5,Indian Bank,13,66,6,14
CMP02944,Hyderabad,54593.16,2,HDFC Bank,INVESTMENT_SCAM,9,Indian Bank,18,52,6,17
CMP02945,Pune,126499.82,2,HDFC Bank,INVESTMENT_SCAM,8,Canara Bank,19,25,4,17
CMP02946,Pune,21157.11,1,Kotak Mahindra,INVESTMENT_SCAM,1,PNB,9,25,6,18
CMP02947,Pune,26423.13,1,Yes Bank,KYC_UPDATE,5,Canara Bank,16,41,6,15
CMP02948,Delhi,32356.88,1,Kotak Mahindra,LOTTERY_FRAUD,6,SBI,8,24,0,12
CMP02949,Surat,21296.62,1,Axis Bank,TECH_SUPPORT_SCAM,11,PNB,1,58,6,16
CMP02950,Jaipur,42099.75,1,Kotak Mahindra,IMPERSONATION,9,Indian Bank,5,18,6,14
CMP02951,Kolkata,142782.55,2,HDFC Bank,JOB_FRAUD,1,Canara Bank,15,9,0,9
CMP02952,Mumbai,37714.02,1,Kotak Mahindra,IMPERSONATION,11,Canara Bank,8,13,0,9
CMP02953,Ahmedabad,48041.45,1,Kotak Mahindra,IMPERSONATION,9,SBI,4,56,1,9
CMP02954,Delhi,13286.57,1,Axis Bank,JOB_FRAUD,9,Indian Bank,0,16,4,18
CMP02955,Kolkata,148942.02,2,Axis Bank,INVESTMENT_SCAM,1,Bank of Baroda,7,4,3,15
CMP02956,Lucknow,88455.06,2,Yes Bank,IMPERSONATION,8,Indian Bank,21,8,6,14
CMP02957,Lucknow,181752.57,2,HDFC Bank,INVESTMENT_SCAM,8,Bank of Baroda,16,19,2,17
CMP02958,Jaipur,47163.65,1,HDFC Bank,LOAN_FRAUD,9,Canara Bank,21,25,0,13
CMP02959,Kolkata,751471.8,4,ICICI Bank,INVESTMENT_SCAM,5,SBI,11,13,4,5
CMP02960,Bengaluru,19829.22,1,Yes Bank,JOB_FRAUD,8,SBI,7,59,2,18
CMP02961,Pune,835158.12,4,Kotak Mahindra,IMPERSONATION,1,Canara Bank,22,43,1,15
CMP02962,Chennai,35479.5,1,HDFC Bank,LOTTERY_FRAUD,6,SBI,3,4,5,12
CMP02963,Mumbai,12110.32,1,ICICI Bank,JOB_FRAUD,11,Bank of Baroda,1,47,6,18
CMP02964,Kolkata,395475.21,3,Kotak Mahindra,LOAN_FRAUD,11,Bank of Baroda,11,26,4,12
CMP02965,Mumbai,450136.08,3,HDFC Bank,IMPERSONATION,2,Bank of Baroda,19,40,2,13
CMP02966,Lucknow,40527.55,1,Axis Bank,KYC_UPDATE,6,Canara Bank,10,69,1,14
CMP02967,Lucknow,44083.96,1,HDFC Bank,OTP_SCAM,10,Canara Bank,9,5,1,4
CMP02968,Bengaluru,23912.52,1,Yes Bank,INVESTMENT_SCAM,10,Canara Bank,1,27,5,10
CMP02969,Lucknow,42234.6,1,Yes Bank,LOTTERY_FRAUD,6,SBI,10,6,6,13
CMP02970,Chennai,486502.83,3,Axis Bank,JOB_FRAUD,5,Canara Bank,8,61,3,16
CMP02971,Patna,22244.77,1,Kotak Mahindra,LOAN_FRAUD,10,Canara Bank,9,7,0,13
CMP02972,Hyderabad,737276.53,4,Yes Bank,IMPERSONATION,3,Bank of Baroda,11,47,6,15
CMP02973,Pune,15588.54,1,Axis Bank,TECH_SUPPORT_SCAM,1,Bank of Baroda,0,33,0,18
CMP02974,Surat,40226.64,1,ICICI Bank,TECH_SUPPORT_SCAM,7,Indian Bank,1,29,1,8
CMP02975,Delhi,15443.04,1,Kotak Mahindra,JOB_FRAUD,3,Indian Bank,21,14,5,18
CMP02976,Delhi,43009.28,1,ICICI Bank,IMPERSONATION,6,PNB,23,39,1,16
CMP02977,Hyderabad,16211.76,1,ICICI Bank,LOAN_FRAUD,9,Bank of Baroda,7,55,0,15
CMP02978,Patna,445035.37,3,Kotak Mahindra,LOAN_FRAUD,6,Canara Bank,22,46,5,13
CMP02979,Jaipur,93184.53,2,ICICI Bank,LOTTERY_FRAUD,8,SBI,23,19,3,16
CMP02980,Kolkata,33988.05,1,ICICI Bank,INVESTMENT_SCAM,1,Canara Bank,6,51,6,18
CMP02981,Mumbai,164966.83,2,Kotak Mahindra,IMPERSONATION,5,Bank of Baroda,8,6,2,12
CMP02982,Pune,25110.92,1,Axis Bank,TECH_SUPPORT_SCAM,2,SBI,16,11,0,11
CMP02983,Kolkata,55679.16,2,ICICI Bank,OTP_SCAM,12,Indian Bank,20,38,5,16
CMP02984,Lucknow,41783.58,1,ICICI Bank,LOTTERY_FRAUD,7,Bank of Baroda,5,27,4,13
CMP02985,Chennai,157317.74,2,Kotak Mahindra,INVESTMENT_SCAM,12,PNB,16,28,4,17
CMP02986,Bengaluru,10056.61,1,HDFC Bank,KYC_UPDATE,1,SBI,14,22,0,17
CMP02987,Patna,60242.48,2,Kotak Mahindra,IMPERSONATION,4,Canara Bank,11,61,1,14
CMP02988,Delhi,32244.55,1,Yes Bank,LOTTERY_FRAUD,9,Indian Bank,7,4,5,11
CMP02989,Jaipur,43999.64,1,Yes Bank,OTP_SCAM,4,PNB,7,14,1,12
CMP02990,Surat,49148.19,1,Axis Bank,KYC_UPDATE,6,Indian Bank,5,59,5,11
CMP02991,Lucknow,50038.81,2,ICICI Bank,OTP_SCAM,9,Bank of Baroda,1,61,1,16
CMP02992,Kolkata,196321.92,2,HDFC Bank,KYC_UPDATE,10,Indian Bank,11,24,1,17
CMP02993,Delhi,23114.1,1,ICICI Bank,IMPERSONATION,4,PNB,19,67,5,15
CMP02994,Bengaluru,17864.49,1,Kotak Mahindra,JOB_FRAUD,1,Indian Bank,17,68,4,16
CMP02995,Mumbai,41811.81,1,Kotak Mahindra,LOAN_FRAUD,1,Canara Bank,8,16,1,1
CMP02996,Lucknow,127351.15,2,Yes Bank,JOB_FRAUD,8,Bank of Baroda,15,42,2,16
CMP02997,Patna,34744.52,1,HDFC Bank,TECH_SUPPORT_SCAM,6,Canara Bank,14,23,1,14
CMP02998,Kolkata,23564.67,1,Kotak Mahindra,IMPERSONATION,9,PNB,17,16,2,4
CMP02999,Hyderabad,98592.91,2,ICICI Bank,OTP_SCAM,5,Indian Bank,1,34,3,13
CMP03000,Pune,178747.11,2,ICICI Bank,LOAN_FRAUD,10,Canara Bank,9,14,3,12
